dataset_title,source,source_group,source_type,event_type,action_date,status,url,summary,theme_primary,theme_secondary,priority_score,confidence,red_flag,deleted_signal,embargo,tags,raw_date,last_checked,source_page,fallback_hit,source_quality,media_relevance,executive_flag,academic_match,record_key,days_to_event,display_date,sort_rank
40% of people aged 65+ consider themselves healthy - ec.europa.eu,Eurostat Release Calendar,EU Official,Official,Release,2026-04-07 09:01:26,Published,https://news.google.com/rss/articles/CBMifkFVX3lxTFAxWDN5LVRMM01aRWJQMGxaMmNRNE5YaTBzbU5FTVRsVDJUTUpYUjY1ODFQMkNKREhJWDRqM0hDVnhXUy1ldXotbUVqbjV6TVBldjBsM1l0ZWJ3dkpCemVtYUFPRWVtSEUzNHhOODMzbFAzYTlNRW9wTzVKWmt6UQ?oc=5,Upcoming release. Timing: 0 day(s) from now. 40% of people aged 65+ consider themselves healthy ec.europa.eu.,Population,Mortality & Health,105,0.88,0,0,0,"Population, Mortality & Health","Tue, 07 Apr 2026 09:01:26 GMT",2026-04-07 18:18:13,https://news.google.com/rss/search?q=site%3Aec.europa.eu+%28upcoming+OR+release+OR+schedule%29+%28population+OR+demography+OR+migration+OR+asylum%29&hl=en-GB&gl=GB&ceid=GB:en,2,0.5,90,1,0,c6f1ebbfaea45a606953936c7476841d,-47.0,07 Apr 2026,248.0
Monthly Wholesale Trade Report for December 2025 - Census.gov,US Census Releases,US Official,Official,Release,2026-02-24 08:00:00,Published,https://news.google.com/rss/articles/CBMiZ0FVX3lxTE5wWGJmTkZONWYyUVhhNUE1TzlLVWs0dldlME1UVHF0RGhPei1xSzNESEJRa2dTUFJNWmVhazBWbEZzMVNFU3F0R2VnbHVLMjJwU1lQdXo0Vy1Eampla0hKR0E5dnA2c0U?oc=5,Recently published. Timing: 23 day(s) ago. Monthly Wholesale Trade Report for December 2025 Census.gov.,Population,,78,0.88,0,0,0,Population,"Tue, 24 Feb 2026 08:00:00 GMT",2026-03-19 18:09:21,https://news.google.com/rss/search?q=site%3Acensus.gov+%28upcoming+OR+release+OR+schedule%29+%28population+OR+census+OR+migration+OR+household%29&hl=en-GB&gl=GB&ceid=GB:en,2,0.5,45,0,0,e4dde85642539cbf0ae5457026a97c08,-89.0,24 Feb 2026,218.0
Women’s History Month: March 2026 - Census.gov,US Census Releases,US Official,Official,Release,2026-02-25 08:00:00,Published,https://news.google.com/rss/articles/CBMiiAFBVV95cUxNUzVkOUl0MTZnd0RtRTFVSVJkTWxkTW80cWxrSmpHa2hiWk96bFNxVzBWZXJzS1VvalR1Vjd4ZHdhVFF4aEJsUS1UNU4zWDlicHYya21CSlA4ZUlSdlM3aWVYbHV6S0pXNGJ6WFlfa1A4ZXhINUhVZk16YUpZTnl1RkF3TDE1cFo3?oc=5,Recently published. Timing: 14 day(s) ago. Women’s History Month: March 2026 Census.gov.,Population,,78,0.88,0,0,0,Population,"Wed, 25 Feb 2026 08:00:00 GMT",2026-03-11 07:32:50,https://news.google.com/rss/search?q=site%3Acensus.gov+%28upcoming+OR+release+OR+schedule%29+%28population+OR+census+OR+migration+OR+household%29&hl=en-GB&gl=GB&ceid=GB:en,2,0.5,45,0,0,682e365ffcc5581cf8672e2e181bfd75,-88.0,25 Feb 2026,217.0
Health and social care,ONS Upcoming Releases,UK Official,Official,Release,2026-03-06 10:35:00,Published,http://www.bing.com/news/apiclick.aspx?ref=FexRss&aid=&tid=69b7a8ed180241bd8f12e9cc62a34ff3&url=https%3a%2f%2fwww.ons.gov.uk%2fpeoplepopulationandcommunity%2fhealthandsocialcare&c=14388475066268495149&mkt=en-us,Recently published. Timing: 10 day(s) ago. Cookies are small files stored on your device when you visit a website. We use some essential cookies to make this website work. We would like to set additional cookies to remember your settings and .,Mortality & Health,,97,0.88,0,0,0,"Mortality & Health, Academic Priority","Fri, 06 Mar 2026 10:35:00 GMT",2026-03-16 06:53:33,https://www.bing.com/news/search?q=site%3Aons.gov.uk+%28upcoming+OR+release+OR+schedule%29+%28population+OR+census+OR+migration+OR+fertility%29&format=rss,2,0.5,35,1,1,b59ec8fe2ad0cccde8c1456df20ba1ac,-79.0,06 Mar 2026,217.0
"Business Trends and Outlook Survey Data Release — February 26, 2026 - Census.gov",US Census Releases,US Official,Official,Release,2026-02-26 08:00:00,Published,https://news.google.com/rss/articles/CBMid0FVX3lxTE0zVnBJdGdpQTh2R0RadWNOcGVoZ0J1SUlSZUhxU0JzdjZPd1JiZ1ZWOWhjdUpJTjk2dDVvUjB2eTNYRHRRWUd5MVo3TWUwN0UydG9HNE56eDVoeVU2LXBjRTE3Y01iWms0c2hDLWR2cXJDNUFOWjNz?oc=5,"Recently published. Timing: 28 day(s) ago. Business Trends and Outlook Survey Data Release — February 26, 2026 Census.gov.",Population,,78,0.88,0,0,0,Population,"Thu, 26 Feb 2026 08:00:00 GMT",2026-03-26 06:45:32,https://news.google.com/rss/search?q=site%3Acensus.gov+%28upcoming+OR+release+OR+schedule%29+%28population+OR+census+OR+migration+OR+household%29&hl=en-GB&gl=GB&ceid=GB:en,2,0.5,45,0,0,aca3e5f000f9c227087aeb8d2e884fff,-87.0,26 Feb 2026,216.0
Main Release of Annual Integrated Economic Survey Data Now Available - Census.gov,US Census Releases,US Official,Official,Release,2026-02-26 08:00:00,Published,https://news.google.com/rss/articles/CBMiigFBVV95cUxQS05WeXRaa081ZTQ5LWczNjI5cmJFNmZUWTJjbkxoVVM3SlF4WGtJa29yMFBmbHZ5bmZlVGlsWUthbVdkSkhYQk5ZYjBMVXd4MlB0bGxNVFRCQ01Ld2s4OERSY2dXUGRTR1pzZ25uZ1NqcmtLVTFMU0FWaVdmOWctY21hekZZMk85bHc?oc=5,Recently published. Timing: 16 day(s) ago. Main Release of Annual Integrated Economic Survey Data Now Available Census.gov.,Population,,78,0.88,0,0,0,Population,"Thu, 26 Feb 2026 08:00:00 GMT",2026-03-14 06:07:16,https://news.google.com/rss/search?q=site%3Acensus.gov+%28upcoming+OR+release+OR+schedule%29+%28population+OR+census+OR+migration+OR+household%29&hl=en-GB&gl=GB&ceid=GB:en,2,0.5,45,0,0,7ea6ba8d02a3f44dad26eb2b65f3d9a0,-87.0,26 Feb 2026,216.0
Annual Integrated Economic Survey (AIES) - Census.gov,US Census Releases,US Official,Official,Release,2026-02-27 08:00:00,Published,https://news.google.com/rss/articles/CBMiXkFVX3lxTFBHQmh4TU1xeFZxV2hYVllMVzMwT2lFeTBOWGk2aUlTRGVieHNzdnJRYk9kNzdDc2cwSHJUeTF2b1d1Rld0LUVmTFpvUWFIUmhXUlhlWTRLZVphMHJGcXc?oc=5,Recently published. Timing: 28 day(s) ago. Annual Integrated Economic Survey (AIES) Census.gov.,Population,,78,0.88,0,0,0,Population,"Fri, 27 Feb 2026 08:00:00 GMT",2026-03-27 18:11:45,https://news.google.com/rss/search?q=site%3Acensus.gov+%28upcoming+OR+release+OR+schedule%29+%28population+OR+census+OR+migration+OR+household%29&hl=en-GB&gl=GB&ceid=GB:en,2,0.5,45,0,0,838a3ecc03ccd83b00c77d4f6d3e7a6e,-86.0,27 Feb 2026,215.0
Play the Census 2021 population map game,ONS Upcoming Releases,UK Official,Official,Release,2026-03-03 22:38:00,Published,http://www.bing.com/news/apiclick.aspx?ref=FexRss&aid=&tid=69ba48e960fa4803a7bd852cf68861e9&url=https%3a%2f%2fwww.ons.gov.uk%2fpeoplepopulationandcommunity%2fpopulationandmigration%2fpopulationestimates%2farticles%2fplaythecensus2021populationmapgame%2f2022-06-28&c=17506452235103999910&mkt=en-us,Recently published. Timing: 15 day(s) ago. Cookies are small files stored on your device when you visit a website. We use some essential cookies to make this website work. We would like to set additional cookies to remember your settings and .,Population,,82,0.88,0,0,0,Population,"Tue, 03 Mar 2026 22:38:00 GMT",2026-03-18 06:40:41,https://www.bing.com/news/search?q=site%3Aons.gov.uk+%28upcoming+OR+release+OR+schedule%29+%28population+OR+census+OR+migration+OR+fertility%29&format=rss,2,0.5,45,1,0,75140bb7202a0bb2e8e9fb354d8178f3,-82.0,03 Mar 2026,215.0
Youth in the spotlight as UN DESA examines mental health and population trends in new reports,UN Population Division,Global / UN,Signal,Release,2026-03-02 09:09:00,Published,http://www.bing.com/news/apiclick.aspx?ref=FexRss&aid=&tid=69b7a8f1cd204c749339b33ea90e1536&url=https%3a%2f%2fwww.un.org%2fen%2fdesa%2fyouth-in-the-spotlight-2026&c=9999453839183905853&mkt=en-us,"Recently published. Timing: 14 day(s) ago. Last month, UN DESA launched the World Youth Report on Youth Mental Health and Well-being, highlighting the urgent need for inclusive, youth-informed mental health policies. Another report, World .",Population,Mortality & Health,95,0.88,0,0,0,"Population, Mortality & Health, Academic Priority","Mon, 02 Mar 2026 09:09:00 GMT",2026-03-16 06:53:37,https://www.bing.com/news/search?q=site%3Aun.org+%28upcoming+OR+release+OR+schedule%29+%28population+OR+demographic+OR+migration+OR+fertility%29&format=rss,2,0.5,30,1,1,a75b6b7df9680a959399f5544a2bb258,-83.0,02 Mar 2026,214.0
Quarterly update on population and migration statistics: March 2026 - Office for National Statistics,ONS Upcoming Releases,UK Official,Official,Release,2026-03-04 08:00:00,Published,https://news.google.com/rss/articles/CBMi9gFBVV95cUxPck01OWN3QmNIZGhTeDRPdWtTMllscTdCamlZckgxVV9GcmZsRU03WmE3Sk9aNDYxb1VJZW94NUF1OHdDUXd6UEJ2VkZyQ2tva3ItRkZpUERucjNyaEQ1ZUsxUEpSWG1PQTA0bWcyRGhXWkNsbm1HMks2Zmk3ZjM0STF1NWZZLVA5eWM1YVRXVkdqUERuRFEwc3BJNUJtWW01RnFkcnN5SUc2NjllakU0N0lqS2NqMTM4dmVWR1NvLUtvRUtIWjlMLXFfWDM5aGs1WG5sVWV4S1pTZEdxazVTeGlPX2JRNFVfLUM0dllDWF9Eb2JDSVE?oc=5,Recently published. Timing: 30 day(s) ago. Quarterly update on population and migration statistics: March 2026 Office for National Statistics.,Population,Migration,82,0.88,0,0,0,"Population, Migration","Wed, 04 Mar 2026 08:00:00 GMT",2026-04-03 06:45:46,https://news.google.com/rss/search?q=site%3Aons.gov.uk+%28upcoming+OR+release+OR+schedule%29+%28population+OR+census+OR+migration+OR+fertility%29&hl=en-GB&gl=GB&ceid=GB:en,2,0.5,45,1,0,d9dfaeb0e75ca5cbc7da36579ec37ab5,-81.0,04 Mar 2026,214.0
Quarterly update on population and migration statistics: March 2026 - ons.gov.uk,ONS Upcoming Releases,UK Official,Official,Release,2026-03-04 08:00:00,Published,https://news.google.com/rss/articles/CBMi9gFBVV95cUxPck01OWN3QmNIZGhTeDRPdWtTMllscTdCamlZckgxVV9GcmZsRU03WmE3Sk9aNDYxb1VJZW94NUF1OHdDUXd6UEJ2VkZyQ2tva3ItRkZpUERucjNyaEQ1ZUsxUEpSWG1PQTA0bWcyRGhXWkNsbm1HMks2Zmk3ZjM0STF1NWZZLVA5eWM1YVRXVkdqUERuRFEwc3BJNUJtWW01RnFkcnN5SUc2NjllakU0N0lqS2NqMTM4dmVWR1NvLUtvRUtIWjlMLXFfWDM5aGs1WG5sVWV4S1pTZEdxazVTeGlPX2JRNFVfLUM0dllDWF9Eb2JDSVE?oc=5,Recently published. Timing: 29 day(s) ago. Quarterly update on population and migration statistics: March 2026 ons.gov.uk.,Population,Migration,82,0.88,0,0,0,"Population, Migration","Wed, 04 Mar 2026 08:00:00 GMT",2026-04-02 18:08:57,https://news.google.com/rss/search?q=site%3Aons.gov.uk+%28upcoming+OR+release+OR+schedule%29+%28population+OR+census+OR+migration+OR+fertility%29&hl=en-GB&gl=GB&ceid=GB:en,2,0.5,45,1,0,6ae6267135fb0b22900325c1143e217d,-81.0,04 Mar 2026,214.0
"Admin-based population estimates: local authority case studies, England and Wales, mid-2024 - Office for National Statistics",ONS Upcoming Releases,UK Official,Official,Release,2026-03-04 08:00:00,Published,https://news.google.com/rss/articles/CBMikgJBVV95cUxOTFo1ZmxEaWs1SXRpU2VkVlNyb2p2Z2FzNEI1d2ZiNzJjRkZrOWIyZ0FlNXllanpZWlFvV2E2dEphUlFBcDZGMGV4VlJPdnZhWEdaNmpaUWxqcGQtRFBKVXRtNmd1WUxFT2dncjgyODVGWFJwczUteG9xZWlrUTBWaW9iNV9aUXJyQUxPVlVfNUduakVXYVJHV1JFZTJhSTh4cVROMHdWWTl1LTBTMEZ1MVBZRUlSVnFxRDhpaHNrYWhGemFTeWxQMHhrTlAzQ1JscXFnNlhfdFFxTmd4VkIwcXFvU1R0Mk4zU2xDdURfSHdwTnhZQ2E2SlBydFNkOTczZ2lWNzNsbWRDOGRhY1ctVnZ3?oc=5,"Recently published. Timing: 20 day(s) ago. Admin-based population estimates: local authority case studies, England and Wales, mid-2024 Office for National Statistics.",Population,,82,0.88,0,0,0,Population,"Wed, 04 Mar 2026 08:00:00 GMT",2026-03-24 06:39:28,https://news.google.com/rss/search?q=site%3Aons.gov.uk+%28upcoming+OR+release+OR+schedule%29+%28population+OR+census+OR+migration+OR+fertility%29&hl=en-GB&gl=GB&ceid=GB:en,2,0.5,45,1,0,bf5f062a58f67cee5ec643a9961452f1,-81.0,04 Mar 2026,214.0
Homeless Deaths 2024 - National Records of Scotland,NRS Scotland,UK Official,Official,Release,2026-03-03 08:00:00,Published,https://news.google.com/rss/articles/CBMickFVX3lxTE9MWkExbmxFUEI0NVVJOUdVYVBmT211czY4YTFFR3RJMlZsU0tTY3JjZlJIUlJyZE5TUUhvYjBjTmdGaTNldjVycUpFWEJ1VVlFUE1xN1pYYXRQYTlIS3pVMl9DNzEwX3c1b3RsQ05ZbDhDdw?oc=5,Recently published. Timing: 82 day(s) ago. Homeless Deaths 2024 National Records of Scotland.,Mortality & Health,Housing & Families,80,0.88,0,0,0,"Mortality & Health, Housing & Families","Tue, 03 Mar 2026 08:00:00 GMT",2026-05-24 08:03:53,https://news.google.com/rss/search?q=site%3Anrscotland.gov.uk+%28upcoming+OR+release+OR+schedule%29+%28population+OR+birth+OR+death+OR+migration%29&hl=en-GB&gl=GB&ceid=GB:en,2,0.5,45,1,0,d261b4a98ab75e652fa2e40009b1fca3,-82.0,03 Mar 2026,213.0
Homeless Deaths 2024 - National Records of Scotland (NRS),NRS Scotland,UK Official,Official,Release,2026-03-03 08:00:00,Published,https://news.google.com/rss/articles/CBMickFVX3lxTE9MWkExbmxFUEI0NVVJOUdVYVBmT211czY4YTFFR3RJMlZsU0tTY3JjZlJIUlJyZE5TUUhvYjBjTmdGaTNldjVycUpFWEJ1VVlFUE1xN1pYYXRQYTlIS3pVMl9DNzEwX3c1b3RsQ05ZbDhDdw?oc=5,Recently published. Timing: 14 day(s) ago. Homeless Deaths 2024 National Records of Scotland (NRS).,Mortality & Health,Housing & Families,80,0.88,0,0,0,"Mortality & Health, Housing & Families","Tue, 03 Mar 2026 08:00:00 GMT",2026-03-17 18:12:47,https://news.google.com/rss/search?q=site%3Anrscotland.gov.uk+%28upcoming+OR+release+OR+schedule%29+%28population+OR+birth+OR+death+OR+migration%29&hl=en-GB&gl=GB&ceid=GB:en,2,0.5,45,1,0,8379cb43ac1bba54df6e3f0a880475b4,-82.0,03 Mar 2026,213.0
The population is growing despite continued low fertility rates - Statistikmyndigheten SCB,Statistics Sweden,EU Official,Official,Release,2026-02-24 08:00:00,Published,https://news.google.com/rss/articles/CBMiygJBVV95cUxQR0dlQjV0cml4UHlUQnREWXg4Nzdjc2VHSE53X3RrTlVHM2QwU1UzWVFUYU9CeVlReFFSU2hfZGx4Ym9ST0Nvc0ZlZjl1dDdkQW1hLUF4RHBiREwtUHJCSG5RVDYwTjZpVGR6R2lwME0xLWZlVVdrbVYxbmxOZWttcTREQlFuVUpUNE94U3owdk82TzNhbzVBWkNjNG9udG4wY3RFUEk4Q0tWd2owVXFoZG1ibm5zODh1eGY1XzNWYjdBNXZ6TW40d3VmYXdkTFZHWXcxaEM2X2pXMERtV0NrcElGYnJ4SFJZM3hrbFIyWWQ1ZHdPRlBMSWtQWlhuYXd3NkZOSVNORWNkSk1fc0pZTDZpM2Z4c2pXVzA4UzlYOGdySDBtOTY0Ujh0Y1Zvam1WdFZVelh5OEFoUS1hdUUxTEZnRDFaRkRaVmc?oc=5,Recently published. Timing: 55 day(s) ago. The population is growing despite continued low fertility rates Statistikmyndigheten SCB.,Population,Fertility & Births,72,0.88,0,0,0,"Population, Fertility & Births","Tue, 24 Feb 2026 08:00:00 GMT",2026-04-20 18:34:53,https://news.google.com/rss/search?q=site%3Ascb.se+%28upcoming+OR+release+OR+schedule%29+%28population+OR+migration+OR+birth+OR+death%29&hl=en-GB&gl=GB&ceid=GB:en,2,0.5,45,0,0,70a7b6c6edc1cc060a90cb3c006ead26,-89.0,24 Feb 2026,212.0
"Young people not in education, employment or training (NEET), UK: February 2026",ONS Upcoming Releases,UK Official,Official,Release,2026-02-25 16:00:00,Published,http://www.bing.com/news/apiclick.aspx?ref=FexRss&aid=&tid=69b450ce61f44561a930b76ca120d3ad&url=https%3a%2f%2fwww.ons.gov.uk%2femploymentandlabourmarket%2fpeoplenotinwork%2funemployment%2fbulletins%2fyoungpeoplenotineducationemploymentortrainingneet%2ffebruary2026&c=1322985965415686743&mkt=en-us,"Recently published. Timing: 16 day(s) ago. Estimates from January to March 2025 include the full effect of the improvements in Labour Force Survey (LFS) data collection and sampling methods introduced from January 2024; however, estimates may .",Labour & Economy,Population,82,0.88,0,0,0,"Labour & Economy, Population, Methods & Infrastructure","Wed, 25 Feb 2026 16:00:00 GMT",2026-03-13 18:00:46,https://www.bing.com/news/search?q=site%3Aons.gov.uk+%28upcoming+OR+release+OR+schedule%29+%28population+OR+census+OR+migration+OR+fertility%29&format=rss,2,0.5,35,1,0,4e713d3f2ddf2a00215579f8692dc9d5,-88.0,25 Feb 2026,211.0
New State Government Finances Data Available - Census.gov,US Census Releases,US Official,Official,Release,2026-03-05 08:00:00,Published,https://news.google.com/rss/articles/CBMijwFBVV95cUxNcGlta2FfLUxJazRFNy1EV1JqSnI0STVISHg5dG5NdGFtby05YmdQTm8wOEtLX291dDJvZnJuY093OVJqMVBzYzc0eXhHczdQRlFzVExGRFFEVWduOFN1a2xOcFE4SkVOSFJ1OEEtcEViR1pTOEtISmpOTHphUUxza0dCN1NmY3Z5bThTcXU3OA?oc=5,Recently published. Timing: 29 day(s) ago. New State Government Finances Data Available Census.gov.,Population,,78,0.88,0,0,0,Population,"Thu, 05 Mar 2026 08:00:00 GMT",2026-04-03 06:45:48,https://news.google.com/rss/search?q=site%3Acensus.gov+%28upcoming+OR+release+OR+schedule%29+%28population+OR+census+OR+migration+OR+household%29&hl=en-GB&gl=GB&ceid=GB:en,2,0.5,45,0,0,ae2c3b37c91ea3a2606ae41a477fe4af,-80.0,05 Mar 2026,209.0
Euro area unemployment at 6.1% - European Commission,Eurostat Release Calendar,EU Official,Official,Release,2026-03-04 10:24:18,Published,https://news.google.com/rss/articles/CBMif0FVX3lxTE96RVYwZ1I2WW9mTzBPMGNRYk83d0dmUm95M29lSTUyRlNENHhMaXEzajFXeW5jZUxLNmlDUmU1bnhDWFBXTjFwOEhDaklJVW03Nks0WWRoZl9zNDcwNXh5MWpsdzRwS01EamlnOFlaQnBLV243WnpPSmR6ME5wZTQ?oc=5,Recently published. Timing: 7 day(s) ago. Euro area unemployment at 6.1% European Commission.,Labour & Economy,,85,0.88,0,0,0,Labour & Economy,"Wed, 04 Mar 2026 10:24:18 GMT",2026-03-11 07:32:53,https://news.google.com/rss/search?q=site%3Aec.europa.eu+%28upcoming+OR+release+OR+schedule%29+%28population+OR+demography+OR+migration+OR+asylum%29&hl=en-GB&gl=GB&ceid=GB:en,2,0.5,35,1,0,ee00db5b32d5968ed178b4043e338307,-81.0,04 Mar 2026,207.0
"Letter from the President of the General Assembly on the Programme of the Briefing on the Global Compact for Safe, Orderly and Regular Migration",UN Population Division,Global / UN,Signal,Release,2026-02-23 16:00:00,Published,http://www.bing.com/news/apiclick.aspx?ref=FexRss&aid=&tid=69b5a0788caf4a11b056014af88bd223&url=https%3a%2f%2fwww.un.org%2fpga%2f80%2f2026%2f02%2f24%2fletter-from-the-president-of-the-general-assembly-on-the-programme-of-the-briefing-on-the-global-compact-for-safe-orderly-and-regular-migration%2f&c=4269992345823801255&mkt=en-us,Recently published. Timing: 19 day(s) ago. Download Here Programme-of-the-Briefing-on-the-Global-Compact-for-Safe-Orderly-and-Regular-Migration-27-February-2026 Download Here Read more about key GA Moments Previous PGA Remarks at the General .,Population,Migration,80,0.88,0,0,0,"Population, Migration","Mon, 23 Feb 2026 16:00:00 GMT",2026-03-14 17:52:56,https://www.bing.com/news/search?q=site%3Aun.org+%28upcoming+OR+release+OR+schedule%29+%28population+OR+demographic+OR+migration+OR+fertility%29&format=rss,2,0.5,30,1,0,4a0f7e17095fba72936ae299ac9fabca,-90.0,23 Feb 2026,206.0
STATISTICAL COMMUNIQUÉ OF THE PEOPLE'S REPUBLIC OF CHINA ON THE 2025 NATIONAL ECONO...,NBS China,China Official,Official,Release,2026-02-28 00:00:00,Published,http://www.stats.gov.cn/english/PressRelease/202602/t20260228_1962661.html,Recently published. Timing: 29 day(s) ago.,Population,,80,0.78,0,0,0,Population,2026-02-28,2026-03-29 17:57:54,http://www.stats.gov.cn/english/PressRelease/,0,0.3,35,1,0,472c20bdbd22652cbc3d1721d1eaf173,-85.0,28 Feb 2026,206.0
STATISTICAL COMMUNIQUÉ OF THE PEOPLE'S REPUBLIC OF CHINA ON THE 2025 NATIONAL ECONOMIC AND SOCIAL DEVELOPMENT - stats.gov.cn,NBS China,China Official,Official,Release,2026-02-28 08:00:00,Published,https://news.google.com/rss/articles/CBMigAFBVV95cUxNX0luVDctVzJ3TVY0ekN6djRmWVBpZzN4NjJXSm1qRkZWYndpQ1JzNDNDOC11MENNc2xIRDVRU1Jja2QtaFFSaVFPWW5JN05ZNlM3YjJPM0plcjhtMmRBZW1vdnRwOWJMREF0dmFzTFp1c01CVjFvaHo3NG12eU52dQ?oc=5,Recently published. Timing: 85 day(s) ago. STATISTICAL COMMUNIQUÉ OF THE PEOPLE'S REPUBLIC OF CHINA ON THE 2025 NATIONAL ECONOMIC AND SOCIAL DEVELOPMENT stats.gov.cn.,Population,,80,0.88,0,0,0,Population,"Sat, 28 Feb 2026 08:00:00 GMT",2026-05-24 08:03:54,https://news.google.com/rss/search?q=site%3Astats.gov.cn+%28upcoming+OR+release+OR+schedule%29+%28population+OR+demographic+OR+birth+OR+death%29&hl=en-GB&gl=GB&ceid=GB:en,2,0.5,35,1,0,f11bbed0c4f36764e2d3c41dbe4f4b9c,-85.0,28 Feb 2026,206.0
Economically Active Population Survey in February 2026 [Economically active population and labor force participation rate] ◦ The econo.. 2026-03-18,KOSTAT South Korea,Korea Official,Official,Release,2026-03-18 00:00:00,Published,https://kostat.go.kr/board.es?mid=a20101000000&bid=11732&list_no=444082&act=view&mainXml=Y,Recently published. Timing: 13 day(s) ago.,Population,Labour & Economy,80,0.78,0,0,0,"Population, Labour & Economy",2026-03-18,2026-03-31 18:13:31,https://kostat.go.kr/anse/,0,0.647,45,1,0,8e06074761d8d1350f2150f585d7568b,-67.0,18 Mar 2026,205.0
Monthly Retail Trade - Quarterly Retail E-Commerce Sales Report - Census.gov,US Census Releases,US Official,Official,Release,2026-03-10 07:00:00,Published,https://news.google.com/rss/articles/CBMiV0FVX3lxTE1uaWdtOC1RbkNjbmJvS1RfcnJUOWljbjV1dFYxd052MTFBeHk0SGk3SDdjTmxVdjM5LVNFOXBkTVV6VHFQcEFILUN3ZF9LdkdpVHVia0NlYw?oc=5,Recently published. Timing: 68 day(s) ago. Monthly Retail Trade - Quarterly Retail E-Commerce Sales Report Census.gov.,Population,,78,0.88,0,0,0,Population,"Tue, 10 Mar 2026 07:00:00 GMT",2026-05-17 18:36:02,https://news.google.com/rss/search?q=site%3Acensus.gov+%28upcoming+OR+release+OR+schedule%29+%28population+OR+census+OR+migration+OR+household%29&hl=en-GB&gl=GB&ceid=GB:en,2,0.5,45,0,0,b6980431d8fd748227e15ab08481bd5b,-75.0,10 Mar 2026,204.0
Census Bureau To Embargo Vintage 2025 Population Estimates - Census.gov,US Census Releases,US Official,Official,Release,2026-03-10 07:00:00,Published,https://news.google.com/rss/articles/CBMijgFBVV95cUxQajdPOGtYSTM1ZER2VEwyVi1fU3RGb3kteEhTZGQ0UmtkVEZoYmF0c0tXM21JMXNfZDg5RnZKQU1VWmdfTHRSRWxtcElnWFNyTGxRakpxT29MSXZabDZabGtyOTJ2bExFU3RwWEJyMnZaWGhSaDBzYXBjZVQ0aXVERXlMZ2hoNmJXWnJGMFFR?oc=5,Recently published. Timing: 11 day(s) ago. Census Bureau To Embargo Vintage 2025 Population Estimates Census.gov.,Population,,78,0.88,0,0,0,Population,"Tue, 10 Mar 2026 07:00:00 GMT",2026-03-21 06:02:16,https://news.google.com/rss/search?q=site%3Acensus.gov+%28upcoming+OR+release+OR+schedule%29+%28population+OR+census+OR+migration+OR+household%29&hl=en-GB&gl=GB&ceid=GB:en,2,0.5,45,0,0,297de8255c2af11f7aedb5cb726ed873,-75.0,10 Mar 2026,204.0
Business Formation Statistics Monthly Data Release — February 2026 - Census.gov,US Census Releases,US Official,Official,Release,2026-03-11 07:00:00,Published,https://news.google.com/rss/articles/CBMilwFBVV95cUxNQkZiWElQZ0h6d0xoTEdnNC1yS0RxbkdmR0ZtM1ROZGhsZWExQzFLRVpjbjF3SmswSXEtNkVvY3JKdjlmQTJIM2lkSGstcnNRVXlHa1BPSDNSN3lWM3RtNTRoOXFwa3g4clNEQnQzTWp2QThiR1EyOXpCazVlUTRyUkdBQ2kxcXRiMVdHem5pMGNUSW9VV3NF?oc=5,Recently published. Timing: 74 day(s) ago. Business Formation Statistics Monthly Data Release — February 2026 Census.gov.,Population,,78,0.88,0,0,0,Population,"Wed, 11 Mar 2026 07:00:00 GMT",2026-05-24 08:03:50,https://news.google.com/rss/search?q=site%3Acensus.gov+%28upcoming+OR+release+OR+schedule%29+%28population+OR+census+OR+migration+OR+household%29&hl=en-GB&gl=GB&ceid=GB:en,2,0.5,45,0,0,daa00d18192c0a550755efc1e9c941c6,-74.0,11 Mar 2026,203.0
"Business Trends and Outlook Survey Data Release — March 12, 2026 - Census.gov",US Census Releases,US Official,Official,Release,2026-03-12 04:00:00,Published,https://news.google.com/rss/articles/CBMid0FVX3lxTE9wa0pFT29DaTFyZlc5clE0dnFsUHktSHphRmdnSU5XTFJpalhIX0hXaERNNEtndG5nWnZzR0ZGcDktaElXOElKb0hPdlQ2Y0lpQlM1TThnMEY3dVB1Sk5QblNMNDdoV2FEYTdHS1huMGp4bmxKQ2Nr?oc=5,"Recently published. Timing: 7 day(s) ago. Business Trends and Outlook Survey Data Release — March 12, 2026 Census.gov.",Population,,78,0.88,0,0,0,Population,"Thu, 12 Mar 2026 04:00:00 GMT",2026-03-19 18:09:19,https://news.google.com/rss/search?q=site%3Acensus.gov+%28upcoming+OR+release+OR+schedule%29+%28population+OR+census+OR+migration+OR+household%29&hl=en-GB&gl=GB&ceid=GB:en,2,0.5,45,0,0,1e90b31569b86e5d2d68ccaf652dc6d0,-73.0,12 Mar 2026,202.0
Quarterly Services - Historical Data - Census.gov,US Census Releases,US Official,Official,Release,2026-03-12 07:00:00,Published,https://news.google.com/rss/articles/CBMiZEFVX3lxTFB0VnlZZVRxUFpsZUp3R1BHVGxPOHZOWXVHVldFc1BIeXlpRGdRVzBxd1FpT2psUU1TUUN5RXRTTHpfb251UHlmczJoVUdJX01TbG1ReG9KNkx2SGI4UUZRT2hmSHY?oc=5,Recently published. Timing: 19 day(s) ago. Quarterly Services - Historical Data Census.gov.,Population,,78,0.88,0,0,0,Population,"Thu, 12 Mar 2026 07:00:00 GMT",2026-03-31 18:13:16,https://news.google.com/rss/search?q=site%3Acensus.gov+%28upcoming+OR+release+OR+schedule%29+%28population+OR+census+OR+migration+OR+household%29&hl=en-GB&gl=GB&ceid=GB:en,2,0.5,45,0,0,eb2dbb0da5dec118154a4b2c2518a6b9,-73.0,12 Mar 2026,202.0
"MONTHLY ADVANCE REPORT ON DURABLE GOODS MANUFACTURERS’ SHIPMENTS, INVENTORIES AND ORDERS JANUARY 2026 - Census.gov",US Census Releases,US Official,Official,Release,2026-03-13 07:00:00,Published,https://news.google.com/rss/articles/CBMiaEFVX3lxTE5GSExiY3BWdmZMMWJuWVQ5TFhsNVVod2F4NVBmc05SSjZYQkFBQ3pDaWJkaVZwZGpzLVhHSnQ1M1ZhUHVmZUEwZzJvRWtnaWhzS0hkZmxxOFhZRDM3UjJrX0wwWVdUNHIx?oc=5,"Recently published. Timing: 25 day(s) ago. MONTHLY ADVANCE REPORT ON DURABLE GOODS MANUFACTURERS’ SHIPMENTS, INVENTORIES AND ORDERS JANUARY 2026 Census.gov.",Population,,78,0.88,0,0,0,Population,"Fri, 13 Mar 2026 07:00:00 GMT",2026-04-07 06:52:30,https://news.google.com/rss/search?q=site%3Acensus.gov+%28upcoming+OR+release+OR+schedule%29+%28population+OR+census+OR+migration+OR+household%29&hl=en-GB&gl=GB&ceid=GB:en,2,0.5,45,0,0,99381e688ceeaac80c32fd402439a38d,-72.0,13 Mar 2026,201.0
Southwark E09000028,ONS Upcoming Releases,UK Official,Official,Release,2026-03-08 15:13:00,Published,http://www.bing.com/news/apiclick.aspx?ref=FexRss&aid=&tid=69ba48e960fa4803a7bd852cf68861e9&url=https%3a%2f%2fwww.ons.gov.uk%2fexplore-local-statistics%2fareas%2fE09000028-southwark&c=13932304708966439561&mkt=en-us,"Recently published. Timing: 10 day(s) ago. Area profiles View Census 2021 data tables for Southwark on Nomis, an ONS service (external).",Population,,82,0.88,0,0,0,Population,"Sun, 08 Mar 2026 15:13:00 GMT",2026-03-18 06:40:41,https://www.bing.com/news/search?q=site%3Aons.gov.uk+%28upcoming+OR+release+OR+schedule%29+%28population+OR+census+OR+migration+OR+fertility%29&format=rss,2,0.5,35,1,0,2173c1139d431552228073ef56a60339,-77.0,08 Mar 2026,200.0
"Reason for international migration, international students update: February 2026 - ons.gov.uk",ONS Upcoming Releases,UK Official,Official,Release,2026-02-27 08:00:00,Published,https://news.google.com/rss/articles/CBMiigJBVV95cUxOc0VSQ3NZQlpKbFdjSlNwM2FvZDVFbWFOSjZxN1FxTjRnNk1nbUpBcS1WWmtQRDBXUHg1bGdOYTNjV1V3OXJEdUE2Z3FMZk1iVTBDTFctUjJTMmstbVZmdUdtNWtJUFVvQnZFR1VqMEhIQnVlRkU0bmpMMTJxek8xcHZ6X1Y4M2stcU5WdUFnNE13WXowc1JzWDc4eW9fSFBCeDVBWVhvcjJ2Y2RjamFIaVZVQUhZZnhhUTAtYTIwLUkzMkdfTXVZcllRd0ljOVdaSGwxdmtlSm1LZVNDRUlFcl9Vc2MzTWJmZjA2ajVnMWk1Y0NOQzdSS1VWWFJkdk9vQjBEd3lTeGwwQQ?oc=5,"Recently published. Timing: 30 day(s) ago. Reason for international migration, international students update: February 2026 ons.gov.uk.",Migration,,82,0.88,0,0,0,Migration,"Fri, 27 Feb 2026 08:00:00 GMT",2026-03-29 06:41:25,https://news.google.com/rss/search?q=site%3Aons.gov.uk+%28upcoming+OR+release+OR+schedule%29+%28population+OR+census+OR+migration+OR+fertility%29&hl=en-GB&gl=GB&ceid=GB:en,2,0.5,25,1,0,744097d65213433936ff855fbed7fb47,-86.0,27 Feb 2026,199.0
"Reason for international migration, international students update: February 2026 - Office for National Statistics",ONS Upcoming Releases,UK Official,Official,Release,2026-02-27 08:00:00,Published,https://news.google.com/rss/articles/CBMiigJBVV95cUxOc0VSQ3NZQlpKbFdjSlNwM2FvZDVFbWFOSjZxN1FxTjRnNk1nbUpBcS1WWmtQRDBXUHg1bGdOYTNjV1V3OXJEdUE2Z3FMZk1iVTBDTFctUjJTMmstbVZmdUdtNWtJUFVvQnZFR1VqMEhIQnVlRkU0bmpMMTJxek8xcHZ6X1Y4M2stcU5WdUFnNE13WXowc1JzWDc4eW9fSFBCeDVBWVhvcjJ2Y2RjamFIaVZVQUhZZnhhUTAtYTIwLUkzMkdfTXVZcllRd0ljOVdaSGwxdmtlSm1LZVNDRUlFcl9Vc2MzTWJmZjA2ajVnMWk1Y0NOQzdSS1VWWFJkdk9vQjBEd3lTeGwwQQ?oc=5,"Recently published. Timing: 29 day(s) ago. Reason for international migration, international students update: February 2026 Office for National Statistics.",Migration,,82,0.88,0,0,0,Migration,"Fri, 27 Feb 2026 08:00:00 GMT",2026-03-28 17:55:46,https://news.google.com/rss/search?q=site%3Aons.gov.uk+%28upcoming+OR+release+OR+schedule%29+%28population+OR+census+OR+migration+OR+fertility%29&hl=en-GB&gl=GB&ceid=GB:en,2,0.5,25,1,0,52edcaa0fe0c8777cb3dee66b4fa8bd4,-86.0,27 Feb 2026,199.0
173 thousand deaths in 2025,CBS Netherlands,EU Official,Official,Release,2026-03-11 23:30:00,Published,http://www.bing.com/news/apiclick.aspx?ref=FexRss&aid=&tid=69bce56d2b624c8d9121e483652101f3&url=https%3a%2f%2fwww.cbs.nl%2fen-gb%2fnews%2f2026%2f11%2f173-thousand-deaths-in-2025&c=6931958496256808266&mkt=en-us,"Recently published. Timing: 9 day(s) ago. This is because women live longer, on average, which means that there are more older women in the population, and therefore more women die. Only in 2021, during the coronavirus pandemic, did more men .",Population,Mortality & Health,74,0.88,0,0,0,"Population, Mortality & Health","Wed, 11 Mar 2026 23:30:00 GMT",2026-03-20 06:13:02,https://www.bing.com/news/search?q=site%3Acbs.nl+%28upcoming+OR+release+OR+schedule%29+%28population+OR+migration+OR+asylum+OR+births%29&format=rss,2,0.5,45,0,0,14c53ae95ed3e5ba584bda9476f4649c,-74.0,11 Mar 2026,199.0
EU life expectancy increases again and hits 81.5 years - European Commission,Eurostat Release Calendar,EU Official,Official,Release,2026-03-13 07:00:00,Published,https://news.google.com/rss/articles/CBMifkFVX3lxTE8zSE9iWVdNQjJiY0FVT3gzQ3o3c0RTR1JUbVJyMUczNzhia0xhVzdKUW5iSlRnT1NUQl96bWs0bTZNTkUxcWhCOS1sWG1uMWZmS3ZRdWVCMm5aMXBxTWM1clRhQU5fNHR4aEdWYi1VVzRDQzdIb1NSYkJoNzRudw?oc=5,Recently published. Timing: 9 day(s) ago. EU life expectancy increases again and hits 81.5 years European Commission.,Mortality & Health,,85,0.88,0,0,0,Mortality & Health,"Fri, 13 Mar 2026 07:00:00 GMT",2026-03-22 06:12:29,https://news.google.com/rss/search?q=site%3Aec.europa.eu+%28upcoming+OR+release+OR+schedule%29+%28population+OR+demography+OR+migration+OR+asylum%29&hl=en-GB&gl=GB&ceid=GB:en,2,0.5,35,1,0,52c9c576280d6077435880bb2d10bdde,-72.0,13 Mar 2026,198.0
Employment rate up in Q4 2025 - European Commission,Eurostat Release Calendar,EU Official,Official,Release,2026-03-13 10:01:49,Published,https://news.google.com/rss/articles/CBMifkFVX3lxTE5QYXUxNHdJVnBsLXNLUmhZQ2gxR0hXWGVhYVlLYzNzZ3p6UmUxLXZjemJEN0NGUEgzQ2JXbkVKd1QwbVl3M1VFSGVUVTY4bzdVNG5CVjlQaTRzZDdvYUlmVWZHci1CUlFCUC13enpyQXYxSDZIZ21JRVBrelgydw?oc=5,Recently published. Timing: 6 day(s) ago. Employment rate up in Q4 2025 European Commission.,Labour & Economy,,85,0.88,0,0,0,Labour & Economy,"Fri, 13 Mar 2026 10:01:49 GMT",2026-03-19 18:09:20,https://news.google.com/rss/search?q=site%3Aec.europa.eu+%28upcoming+OR+release+OR+schedule%29+%28population+OR+demography+OR+migration+OR+asylum%29&hl=en-GB&gl=GB&ceid=GB:en,2,0.5,35,1,0,7c6a8993a2ddad6a5ce6e51dbb595ea8,-72.0,13 Mar 2026,198.0
EU road deaths drop by 3% in 2025 - European Commission,Eurostat Release Calendar,EU Official,Official,Release,2026-03-23 07:00:00,Published,https://news.google.com/rss/articles/CBMicEFVX3lxTE85NjQtUGI0X2V2M2lpSnhWM0hNMUhRYnAzN084ZUVnTTBjY1ZxUHhBTTFBRDlWdjdBOWhrT2xVRmNUajhLbDNsaDZsejBGUmw5MERpVzhYMXprR09DNzBHRUFQMjBITE4wN1U1NjNSS1o?oc=5,Recently published. Timing: 6 day(s) ago. EU road deaths drop by 3% in 2025 European Commission.,Mortality & Health,,85,0.88,0,0,0,Mortality & Health,"Mon, 23 Mar 2026 07:00:00 GMT",2026-03-29 06:41:30,https://news.google.com/rss/search?q=site%3Aec.europa.eu+%28upcoming+OR+release+OR+schedule%29+%28population+OR+demography+OR+migration+OR+asylum%29&hl=en-GB&gl=GB&ceid=GB:en,2,0.5,45,1,0,a7b794f7a944acb1d123a543ea838473,-62.0,23 Mar 2026,198.0
DATA GEM: How to Visualize Data for Your Area on data.census.gov - Census.gov,US Census Releases,US Official,Official,Release,2026-03-17 04:00:00,Published,https://news.google.com/rss/articles/CBMiekFVX3lxTE9MNTRsYnFxM25JRUlwRl9yaUlaZC1HbFpRQ1FfTkVzUDZzVmxmQkdPaURCbG51a1BLRGRvZ3Z5N01BLWZQZXd2aVNZbEpudDZQN2Y2ZzZQMXlRNmtFUUZOVmpfSnBsMkJhN0x6Wml3U3FnLWRTa0RFcktR?oc=5,Recently published. Timing: 2 day(s) ago. DATA GEM: How to Visualize Data for Your Area on data.census.gov Census.gov.,Population,,78,0.88,0,0,0,Population,"Tue, 17 Mar 2026 04:00:00 GMT",2026-03-19 18:09:19,https://news.google.com/rss/search?q=site%3Acensus.gov+%28upcoming+OR+release+OR+schedule%29+%28population+OR+census+OR+migration+OR+household%29&hl=en-GB&gl=GB&ceid=GB:en,2,0.5,45,0,0,a99f4e63ca62894d35895dd4bd6d7e5d,-68.0,17 Mar 2026,197.0
Vintage 2025 Population Estimates Counties and Metro/Micro - Census.gov,US Census Releases,US Official,Official,Release,2026-03-17 07:00:00,Published,https://news.google.com/rss/articles/CBMimgFBVV95cUxPdVdYYUVNbTV4VXd1a2Q3TUlOUklBSTBvMUJ4UWZ4VDd6U01WaF9JMzhYWE1idmhVSjFpNWRTRmhaV2h4OUh4MUxhSndic082anlKSWJ0Rnpha0tlaTltUjVUVjNQUkhSakFnMFFmNmtSeFplSl8yS1Ytak1QZUx6ZlJ1eVNNV3BmWlc3THh3ZE1jUGFVcEZNQmxR?oc=5,Recently published. Timing: 12 day(s) ago. Vintage 2025 Population Estimates Counties and Metro/Micro Census.gov.,Population,,78,0.88,0,0,0,Population,"Tue, 17 Mar 2026 07:00:00 GMT",2026-03-29 17:57:43,https://news.google.com/rss/search?q=site%3Acensus.gov+%28upcoming+OR+release+OR+schedule%29+%28population+OR+census+OR+migration+OR+household%29&hl=en-GB&gl=GB&ceid=GB:en,2,0.5,45,0,0,209b03f6cc9017f54d533349c9af3fba,-68.0,17 Mar 2026,197.0
EU fertility rate at 1.34 live births per woman in 2024 - European Commission,Eurostat Release Calendar,EU Official,Official,Release,2026-03-06 08:00:00,Published,https://news.google.com/rss/articles/CBMifkFVX3lxTE0zZV9ULVhRRGEwTEFpZkh3WXJsSWxUU2VVeHRsNHZkM2V1RlBoTEVTdFdiYTBJVXpWREVVTGVLU3BhTUszMHdQUmF6WHNPUVBETGgxTER5NDlqa29rMG1VdHU3SlpUX2pGWnFNZF9oQTA4ZGNnaVN5V0xxR1NBUQ?oc=5,Recently published. Timing: 11 day(s) ago. EU fertility rate at 1.34 live births per woman in 2024 European Commission.,Fertility & Births,,85,0.88,0,0,0,Fertility & Births,"Fri, 06 Mar 2026 08:00:00 GMT",2026-03-17 06:40:08,https://news.google.com/rss/search?q=site%3Aec.europa.eu+%28upcoming+OR+release+OR+schedule%29+%28population+OR+demography+OR+migration+OR+asylum%29&hl=en-GB&gl=GB&ceid=GB:en,2,0.5,25,1,0,279b42f1e2844b8cdf0696c07061b09e,-79.0,06 Mar 2026,195.0
A message to our participants: protecting your personal information,UK Biobank News,Biobanks,Registry,Release,2026-03-14 09:12:04,Published,https://www.ukbiobank.ac.uk/news/a-message-to-our-participants-protecting-your-personal-information/,Recently published. Timing: 10 day(s) ago. This message addresses claims in The Guardian on 14 March 2026 about the consequences of some researchers unintentionally adding de-identified participant data to online repositories when making their computer code avail.,Biobanks & Registries,,85,0.88,0,0,0,Biobanks & Registries,"Sat, 14 Mar 2026 09:12:04 +0000",2026-03-24 06:39:25,https://www.ukbiobank.ac.uk/feed/,0,0.971,20,1,0,1b0b1bfd1739c1d5c0aa383cc7761386,-71.0,14 Mar 2026,195.0
New USA Trade Online Data Tool Now Available - Census.gov,US Census Releases,US Official,Official,Release,2026-03-19 04:00:00,Published,https://news.google.com/rss/articles/CBMiiwFBVV95cUxOakpxZ29pZEhKbzYwX1RPZ09OcGIxSFFpYkFreFhuOGQzNVdqTVVHcGtOWU40RlZscHItV04zSE5HczJsZ3dPLVZpdlFzeEE5VXVIMTJaaEFLVV91Z21oM0hib3pMUTNiTmhlS0FnamprN1VWd1N4MC14ZFdibDlzRGpGYXBPdThiaUZF?oc=5,Recently published. Timing: 7 day(s) ago. New USA Trade Online Data Tool Now Available Census.gov.,Population,,78,0.88,0,0,0,Population,"Thu, 19 Mar 2026 04:00:00 GMT",2026-03-26 18:35:35,https://news.google.com/rss/search?q=site%3Acensus.gov+%28upcoming+OR+release+OR+schedule%29+%28population+OR+census+OR+migration+OR+household%29&hl=en-GB&gl=GB&ceid=GB:en,2,0.5,45,0,0,88f68d8fd1c11ff6ce483f946d25d6fc,-66.0,19 Mar 2026,195.0
Monthly Wholesale Trade Report for January 2026 - Census.gov,US Census Releases,US Official,Official,Release,2026-03-19 07:00:00,Published,https://news.google.com/rss/articles/CBMiZ0FVX3lxTE5wWGJmTkZONWYyUVhhNUE1TzlLVWs0dldlME1UVHF0RGhPei1xSzNESEJRa2dTUFJNWmVhazBWbEZzMVNFU3F0R2VnbHVLMjJwU1lQdXo0Vy1Eampla0hKR0E5dnA2c0U?oc=5,Recently published. Timing: 19 day(s) ago. Monthly Wholesale Trade Report for January 2026 Census.gov.,Population,,78,0.88,0,0,0,Population,"Thu, 19 Mar 2026 07:00:00 GMT",2026-04-07 06:52:31,https://news.google.com/rss/search?q=site%3Acensus.gov+%28upcoming+OR+release+OR+schedule%29+%28population+OR+census+OR+migration+OR+household%29&hl=en-GB&gl=GB&ceid=GB:en,2,0.5,45,0,0,ca5418624a6c4beed11f1020277d124b,-66.0,19 Mar 2026,195.0
Gender pay gap statistics - European Commission,Eurostat Release Calendar,EU Official,Official,Release,2026-02-26 08:00:00,Published,https://news.google.com/rss/articles/CBMijwFBVV95cUxOR0l0RU83LVh5X0g5MDhEQzgxU0NPQzQwYzZSZGt0NU5DdHZwcHBMVHJOTThiM0RLNVZONjRjd05MT01JaUdEemFRVi1VdzZIeHJISXBkNTRHUHZKNjd1SW4yVml6Z1JCYk9wSDZlSVNrTExqenRlQ0hxU2p5SUk1cklwR1NLWExnNGhIU3E2bw?oc=5,Recently published. Timing: 14 day(s) ago. Gender pay gap statistics European Commission.,General,,85,0.88,0,0,0,,"Thu, 26 Feb 2026 08:00:00 GMT",2026-03-12 06:12:34,https://news.google.com/rss/search?q=site%3Aec.europa.eu+%28upcoming+OR+release+OR+schedule%29+%28population+OR+demography+OR+migration+OR+asylum%29&hl=en-GB&gl=GB&ceid=GB:en,2,0.5,15,1,0,b79bbf3ae2890f1f2519e9ac87bf0714,-87.0,26 Feb 2026,193.0
EU received 4.2 million immigrants in 2024 - European Commission,Eurostat Release Calendar,EU Official,Official,Release,2026-02-27 08:00:00,Published,https://news.google.com/rss/articles/CBMifkFVX3lxTE1tMGgzdGJ3UmZoam1YNXBWWTR5cWR2dHIwQ2hFbzJiTjRVazJVZ3hzcjlUQjVtNU5IbkVKX1pXNUo5MmJjRkNCR3l4Rm4wV1FhV0tzaUc1aGo2RmNFN1d2a25ibkUxdEZvWERFSW12bDdNREhKbUV4VHdnRDA4Zw?oc=5,Recently published. Timing: 34 day(s) ago. EU received 4.2 million immigrants in 2024 European Commission.,Migration,,85,0.88,0,0,0,Migration,"Fri, 27 Feb 2026 08:00:00 GMT",2026-04-02 18:09:03,https://news.google.com/rss/search?q=site%3Aec.europa.eu+%28upcoming+OR+release+OR+schedule%29+%28population+OR+demography+OR+migration+OR+asylum%29&hl=en-GB&gl=GB&ceid=GB:en,2,0.5,15,1,0,0923a98bff8ce171bca576b4935df763,-86.0,27 Feb 2026,192.0
Eight years of captivity: Finding freedom and healing in Ukraine,UN Population Division,Global / UN,Signal,Release,2026-02-27 21:11:00,Published,http://www.bing.com/news/apiclick.aspx?ref=FexRss&aid=&tid=69b450d77b194888b3b000792a1648fa&url=https%3a%2f%2fnews.un.org%2fen%2fstory%2f2026%2f02%2f1167029&c=2732506088698596217&mkt=en-us,"Recently published. Timing: 14 day(s) ago. Four years after Russia’s full-scale invasion of Ukraine, many people are trying to overcome deep-rooted trauma and rebuild what has been lost.",Population,,80,0.88,0,0,0,Population,"Fri, 27 Feb 2026 21:11:00 GMT",2026-03-13 18:00:55,https://www.bing.com/news/search?q=site%3Aun.org+%28upcoming+OR+release+OR+schedule%29+%28population+OR+demographic+OR+migration+OR+fertility%29&format=rss,2,0.5,20,1,0,c4985fdd5cb024856914da16a17406d0,-86.0,27 Feb 2026,192.0
North East Lincolnshire E06000012,ONS Upcoming Releases,UK Official,Official,Release,2026-03-16 07:10:00,Published,http://www.bing.com/news/apiclick.aspx?ref=FexRss&aid=&tid=69bce5630e8b4523876695f8ade00ca1&url=https%3a%2f%2fwww.ons.gov.uk%2fexplore-local-statistics%2fareas%2fE06000012-north-east-lincolnshire&c=15789626801923468979&mkt=en-us,Recently published. Timing: 4 day(s) ago. Custom profiles Build a custom area profile for North East Lincolnshire using Census 2021 and newer non-Census data.,Population,,82,0.88,0,0,0,Population,"Mon, 16 Mar 2026 07:10:00 GMT",2026-03-20 06:12:52,https://www.bing.com/news/search?q=site%3Aons.gov.uk+%28upcoming+OR+release+OR+schedule%29+%28population+OR+census+OR+migration+OR+fertility%29&format=rss,2,0.5,35,1,0,96f4e42d9cc8d0d90ba49b2b19f5133f,-69.0,16 Mar 2026,192.0
"QUARTERLY FINANCIAL REPORT: LARGE U.S. RETAIL TRADE CORPORATIONS, FOURTH QUARTER 2025 - Census.gov",US Census Releases,US Official,Official,Release,2026-03-23 07:00:00,Published,https://news.google.com/rss/articles/CBMiaEFVX3lxTE5IRVVpZktwRHB3U21yUHhmU1BnUVBCRTM3OUx0N2dFSl9jUmRHZnNWZWRKRElqNE1UTnZDRUhPS2NiWTRrUGtoU1pCaHFEZ0JyRkNIN1dqZzhvWW53SUJZTDUzT1FpbjBf?oc=5,"Recently published. Timing: 49 day(s) ago. QUARTERLY FINANCIAL REPORT: LARGE U.S. RETAIL TRADE CORPORATIONS, FOURTH QUARTER 2025 Census.gov.",Population,,78,0.88,0,0,0,Population,"Mon, 23 Mar 2026 07:00:00 GMT",2026-05-11 08:42:21,https://news.google.com/rss/search?q=site%3Acensus.gov+%28upcoming+OR+release+OR+schedule%29+%28population+OR+census+OR+migration+OR+household%29&hl=en-GB&gl=GB&ceid=GB:en,2,0.5,45,0,0,ec881b09c4165d96cc1a38d39878428e,-62.0,23 Mar 2026,191.0
2026 Census Test Updates - Census.gov,US Census Releases,US Official,Official,Release,2026-03-23 07:00:00,Published,https://news.google.com/rss/articles/CBMiiAFBVV95cUxNMTZfQlFLVnlnTDZSMXI1bERVRHpmX3NJaDYwQlpqX0FTWVNlQkI2RnNVcWtMMEdMdXlCbVNzMy10TE5WR3dDRVJwSFFHejZ4QjhTNlRmMGU4b2ZEdktSaVgyVllwZ1RxT0ZKOXBOOGVYWW41WnhmUUktY0txVFd4bERvVC1uTENP?oc=5,Recently published. Timing: 11 day(s) ago. 2026 Census Test Updates Census.gov.,Population,,78,0.88,0,0,0,Population,"Mon, 23 Mar 2026 07:00:00 GMT",2026-04-03 06:45:48,https://news.google.com/rss/search?q=site%3Acensus.gov+%28upcoming+OR+release+OR+schedule%29+%28population+OR+census+OR+migration+OR+household%29&hl=en-GB&gl=GB&ceid=GB:en,2,0.5,45,0,0,f7993f1df80239d8cf127354f792a48c,-62.0,23 Mar 2026,191.0
Small Area Health Insurance Estimates: 2022 - Census.gov,US Census Releases,US Official,Official,Release,2026-03-23 18:41:00,Published,https://news.google.com/rss/articles/CBMic0FVX3lxTFBFazVnVGNoZFlOY1l4NWZmai0zREdDT0k1M1hITHhxM1VSa0FtRkRwS280eFBfNXd0bTEtNTlpSHNTWUVsc1dRMVhOUHNCUHRCX3BFUW9oSWtyOHhVYlByN0UtTEhWa1JoZzVNdzFIQzI3dGs?oc=5,Recently published. Timing: 7 day(s) ago. Small Area Health Insurance Estimates: 2022 Census.gov.,Population,Mortality & Health,78,0.88,0,0,0,"Population, Mortality & Health","Mon, 23 Mar 2026 18:41:00 GMT",2026-03-30 07:07:21,https://news.google.com/rss/search?q=site%3Acensus.gov+%28upcoming+OR+release+OR+schedule%29+%28population+OR+census+OR+migration+OR+household%29&hl=en-GB&gl=GB&ceid=GB:en,2,0.5,45,0,0,084b56252fac98525389562c7fa0bbc2,-62.0,23 Mar 2026,191.0
Summary of feedback on drug-related deaths terminology - National Records of Scotland,NRS Scotland,UK Official,Official,Release,2026-03-25 07:00:00,Published,https://news.google.com/rss/articles/CBMinwFBVV95cUxNbVMydjJXUU1uQ2pOZGVKeF9kUDA1Z0Y2YzRKUzRwNUJlR2d2WXVIbTM5WTIxeTlZQWc1cURiTzVObVlCMmJwVFNTOEU4VFFXOXBMdnphZnlOVFJzeExMaGtFOVVwV2ZLYnNJNU1IQklwQlpVbTlBeHVHc19lOFpNWXJCc05laTlsUVdoeFIwdG91THBoZVlkbDBGaHFHclE?oc=5,Recently published. Timing: 60 day(s) ago. Summary of feedback on drug-related deaths terminology National Records of Scotland.,Mortality & Health,,80,0.88,0,0,0,Mortality & Health,"Wed, 25 Mar 2026 07:00:00 GMT",2026-05-24 08:03:53,https://news.google.com/rss/search?q=site%3Anrscotland.gov.uk+%28upcoming+OR+release+OR+schedule%29+%28population+OR+birth+OR+death+OR+migration%29&hl=en-GB&gl=GB&ceid=GB:en,2,0.5,45,1,0,b093f458ee1f7e19148127509579072d,-60.0,25 Mar 2026,191.0
Labour market in the regions of the UK: March 2026,ONS Upcoming Releases,UK Official,Official,Release,2026-03-18 17:00:00,Published,http://www.bing.com/news/apiclick.aspx?ref=FexRss&aid=&tid=69e3c71dfe094d6486b53d7eed303786&url=https%3a%2f%2fwww.ons.gov.uk%2femploymentandlabourmarket%2fpeopleinwork%2femploymentandemployeetypes%2fbulletins%2fregionallabourmarket%2fmarch2026&c=7750045832259474570&mkt=en-us,"Recently published. Timing: 31 day(s) ago. Earnings and employment statistics from Pay As You Earn (PAYE) Real Time Information (RTI), UK, NUTS 1, 2 and 3 areas and local authorities, monthly, seasonally adjusted. All regional labour market .",Labour & Economy,,82,0.88,0,0,0,Labour & Economy,"Wed, 18 Mar 2026 17:00:00 GMT",2026-04-18 18:02:05,https://www.bing.com/news/search?q=site%3Aons.gov.uk+%28upcoming+OR+release+OR+schedule%29+%28population+OR+census+OR+migration+OR+fertility%29&format=rss,2,0.5,35,1,0,8a56f9a3e773e3da302b104e93333b7e,-67.0,18 Mar 2026,190.0
Employment in the UK: March 2026,ONS Upcoming Releases,UK Official,Official,Release,2026-03-18 17:00:00,Published,http://www.bing.com/news/apiclick.aspx?ref=FexRss&aid=&tid=69e3c71dfe094d6486b53d7eed303786&url=https%3a%2f%2fwww.ons.gov.uk%2femploymentandlabourmarket%2fpeopleinwork%2femploymentandemployeetypes%2fbulletins%2femploymentintheuk%2fmarch2026&c=10532379481790666152&mkt=en-us,"Recently published. Timing: 31 day(s) ago. Estimates from January to March 2025 include the full effect of the improvements in Labour Force Survey (LFS) data collection and sampling methods introduced from January 2024; however, estimates may .",Labour & Economy,Methods & Infrastructure,82,0.88,0,0,0,"Labour & Economy, Methods & Infrastructure","Wed, 18 Mar 2026 17:00:00 GMT",2026-04-18 18:02:05,https://www.bing.com/news/search?q=site%3Aons.gov.uk+%28upcoming+OR+release+OR+schedule%29+%28population+OR+census+OR+migration+OR+fertility%29&format=rss,2,0.5,35,1,0,b270b2d9956287f0df072a9b5138e4c5,-67.0,18 Mar 2026,190.0
"Labour market overview, UK: March 2026",ONS Upcoming Releases,UK Official,Official,Release,2026-03-18 17:00:00,Published,http://www.bing.com/news/apiclick.aspx?ref=FexRss&aid=&tid=69e3c71dfe094d6486b53d7eed303786&url=https%3a%2f%2fwww.ons.gov.uk%2femploymentandlabourmarket%2fpeopleinwork%2femploymentandemployeetypes%2fbulletins%2fuklabourmarket%2fmarch2026&c=2993695945070695928&mkt=en-us,"Recently published. Timing: 31 day(s) ago. Estimates for payrolled employees in the UK fell by 96,000 (0.3%) between January 2025 and January 2026, but increased by 6,000 (0.0%) between December 2025 and January 2026. This is based on .",Labour & Economy,,82,0.88,0,0,0,Labour & Economy,"Wed, 18 Mar 2026 17:00:00 GMT",2026-04-18 18:02:06,https://www.bing.com/news/search?q=site%3Aons.gov.uk+%28upcoming+OR+release+OR+schedule%29+%28population+OR+census+OR+migration+OR+fertility%29&format=rss,2,0.5,35,1,0,4639004b7ecffdf95388544695232c80,-67.0,18 Mar 2026,190.0
"Unemployment rate (aged 16 and over, seasonally adjusted): %",ONS Upcoming Releases,UK Official,Official,Release,2026-03-18 17:00:00,Published,http://www.bing.com/news/apiclick.aspx?ref=FexRss&aid=&tid=69de8b345d47416b8cac5e4d2f9ed7ed&url=https%3a%2f%2fwww.ons.gov.uk%2femploymentandlabourmarket%2fpeoplenotinwork%2funemployment%2ftimeseries%2fmgsx%2flms&c=15856075569303165575&mkt=en-us,Recently published. Timing: 27 day(s) ago. Source dataset: Labour market statistics time series (LMS) Contact: Labour Market team Release date: 19 March 2026 View previous versions .,Labour & Economy,,82,0.88,0,0,0,Labour & Economy,"Wed, 18 Mar 2026 17:00:00 GMT",2026-04-14 18:45:09,https://www.bing.com/news/search?q=site%3Aons.gov.uk+%28upcoming+OR+release+OR+schedule%29+%28population+OR+census+OR+migration+OR+fertility%29&format=rss,2,0.5,35,1,0,8f89187f2eece21d2c2c5900f5bbc688,-67.0,18 Mar 2026,190.0
"Employment rate (aged 16 to 64, seasonally adjusted): %",ONS Upcoming Releases,UK Official,Official,Release,2026-03-18 17:00:00,Published,http://www.bing.com/news/apiclick.aspx?ref=FexRss&aid=&tid=69c38358c17349a5aa8f34326b958af9&url=https%3a%2f%2fwww.ons.gov.uk%2femploymentandlabourmarket%2fpeopleinwork%2femploymentandemployeetypes%2ftimeseries%2flf24%2flms&c=4146808251916102334&mkt=en-us,Recently published. Timing: 7 day(s) ago. Source dataset: Labour market statistics time series (LMS) Contact: Labour Market team Release date: 19 March 2026 View previous versions Next .,Labour & Economy,,82,0.88,0,0,0,Labour & Economy,"Wed, 18 Mar 2026 17:00:00 GMT",2026-03-25 06:40:25,https://www.bing.com/news/search?q=site%3Aons.gov.uk+%28upcoming+OR+release+OR+schedule%29+%28population+OR+census+OR+migration+OR+fertility%29&format=rss,2,0.5,35,1,0,ad7571215bf9afd6a5e986fca188b336,-67.0,18 Mar 2026,190.0
Foreign Trade - Census.gov,US Census Releases,US Official,Official,Release,2026-03-24 07:00:00,Published,https://news.google.com/rss/articles/CBMib0FVX3lxTE5sYjdEX0I2a1c5WjBxTjl3YnBtamFCcEpBSTRncFYtM1FpWHVmSURFbUNmVkM4dmVDS2IxQlZIZVpHNlRnMXl0YjNGcWlqRjRCM0tSc2FFNnpfNlBSTG50c3hZNy04VlJsa0c3M1pqNA?oc=5,Recently published. Timing: 61 day(s) ago. Foreign Trade Census.gov.,Population,,78,0.88,0,0,0,Population,"Tue, 24 Mar 2026 07:00:00 GMT",2026-05-24 08:03:49,https://news.google.com/rss/search?q=site%3Acensus.gov+%28upcoming+OR+release+OR+schedule%29+%28population+OR+census+OR+migration+OR+household%29&hl=en-GB&gl=GB&ceid=GB:en,2,0.5,45,0,0,b302ed93a95f98bc90df1bc9685ccf0f,-61.0,24 Mar 2026,190.0
Schedule B Book - Chapter 29 - Census.gov,US Census Releases,US Official,Official,Release,2026-03-24 07:00:00,Published,https://news.google.com/rss/articles/CBMib0FVX3lxTE5Uekk4RF9pWmxmNng5a2NxRWZta0o4Rmo2WGU1dGx2Ykt6eG5XMzNRaHEya1cyLV9nWkRCRHQ1cDBNS0ZpaGRuNWpSUGdQdG95V0lVN3JuM2ZPVTV0LTFqT0hBcW1xeHJiQXlTUEZURQ?oc=5,Recently published. Timing: 61 day(s) ago. Schedule B Book - Chapter 29 Census.gov.,Population,,78,0.88,0,0,0,Population,"Tue, 24 Mar 2026 07:00:00 GMT",2026-05-24 08:03:50,https://news.google.com/rss/search?q=site%3Acensus.gov+%28upcoming+OR+release+OR+schedule%29+%28population+OR+census+OR+migration+OR+household%29&hl=en-GB&gl=GB&ceid=GB:en,2,0.5,45,0,0,094074d11295ed11a240b257c1cf7b3a,-61.0,24 Mar 2026,190.0
Schedule B Book - Chapter 30 - Census.gov,US Census Releases,US Official,Official,Release,2026-03-24 07:00:00,Published,https://news.google.com/rss/articles/CBMib0FVX3lxTE9YRzJzdVc2VjBUaV9JSk1TMDJTZWhpTHBSeEZvN3hSb3pFY3NqM21RWDY5YXlpSXdXLWl0TUozdS1rVHpyamJhbkxjSEhBX2FRc2h1Qjl6SDg2cWVmZmtkOFBUY083VzhBc3loV0ZlOA?oc=5,Recently published. Timing: 61 day(s) ago. Schedule B Book - Chapter 30 Census.gov.,Population,,78,0.88,0,0,0,Population,"Tue, 24 Mar 2026 07:00:00 GMT",2026-05-24 08:03:50,https://news.google.com/rss/search?q=site%3Acensus.gov+%28upcoming+OR+release+OR+schedule%29+%28population+OR+census+OR+migration+OR+household%29&hl=en-GB&gl=GB&ceid=GB:en,2,0.5,45,0,0,874ea392a3c89557d96237ccd2f9e675,-61.0,24 Mar 2026,190.0
Schedule B Book - Chapter 68 - Census.gov,US Census Releases,US Official,Official,Release,2026-03-24 07:00:00,Published,https://news.google.com/rss/articles/CBMib0FVX3lxTE9aT1ZlUmpwNEdlLS0zamM3Z3NQWlBvZmFGdjRYQ0YwV3RaZHlEaW1YQ21NUnk0Ylh2bVBueXBCeTMxbFBvaFl1V0JNVmpnaUp0MVhVLWhtN2o3NDROQzhwSXpZYnpmcTUzbXgtRWpnNA?oc=5,Recently published. Timing: 60 day(s) ago. Schedule B Book - Chapter 68 Census.gov.,Population,,78,0.88,0,0,0,Population,"Tue, 24 Mar 2026 07:00:00 GMT",2026-05-23 18:33:56,https://news.google.com/rss/search?q=site%3Acensus.gov+%28upcoming+OR+release+OR+schedule%29+%28population+OR+census+OR+migration+OR+household%29&hl=en-GB&gl=GB&ceid=GB:en,2,0.5,45,0,0,cd54a9aafba97c81af6f87447f89dbd2,-61.0,24 Mar 2026,190.0
Schedule B Book - Chapter 44 - Census.gov,US Census Releases,US Official,Official,Release,2026-03-24 07:00:00,Published,https://news.google.com/rss/articles/CBMib0FVX3lxTE9EQUhGQ18xdUpMZjczYU43WThFYTIxN1JVTVp1OFJGVE9TaHdVcWF5ckExekVMX19fWjhVSzk1OVhHaVp6czdoXzRZNVp0T290MFZENjdiWFBvTS1qUXMycHdMZGVoQVBzSHFWTXpwaw?oc=5,Recently published. Timing: 55 day(s) ago. Schedule B Book - Chapter 44 Census.gov.,Population,,78,0.88,0,0,0,Population,"Tue, 24 Mar 2026 07:00:00 GMT",2026-05-18 19:12:14,https://news.google.com/rss/search?q=site%3Acensus.gov+%28upcoming+OR+release+OR+schedule%29+%28population+OR+census+OR+migration+OR+household%29&hl=en-GB&gl=GB&ceid=GB:en,2,0.5,45,0,0,91c2a083753424a0dd6c00b0cb716b8b,-61.0,24 Mar 2026,190.0
Foreign Trade: Schedule B - Census.gov,US Census Releases,US Official,Official,Release,2026-03-24 07:00:00,Published,https://news.google.com/rss/articles/CBMib0FVX3lxTE03S1RMZVBuOUE0NGdqVEdKMVN2Y1RhNXhueFlkLTVqZF9QRUdSb0pkbzhQUzBsakxKU0hiZUtqSUFWZldpS2tVWEk3emdRdXBZOFhIdDFZdHdfTEJ4MS1NZWVVTVo5cU5nVjRVYkdLOA?oc=5,Recently published. Timing: 55 day(s) ago. Foreign Trade: Schedule B Census.gov.,Population,,78,0.88,0,0,0,Population,"Tue, 24 Mar 2026 07:00:00 GMT",2026-05-18 08:57:20,https://news.google.com/rss/search?q=site%3Acensus.gov+%28upcoming+OR+release+OR+schedule%29+%28population+OR+census+OR+migration+OR+household%29&hl=en-GB&gl=GB&ceid=GB:en,2,0.5,45,0,0,e15fab290f4a890a9bd71c78048f7672,-61.0,24 Mar 2026,190.0
UK Labour Market March 2026,ONS Upcoming Releases,UK Official,Official,Release,2026-03-19 00:00:00,Published,http://www.bing.com/news/apiclick.aspx?ref=FexRss&aid=&tid=69e3c71dfe094d6486b53d7eed303786&url=https%3a%2f%2fwww.ons.gov.uk%2freleases%2fuklabourmarketmarch2026&c=7849925880771446873&mkt=en-us,"Recently published. Timing: 30 day(s) ago. Actual weekly hours worked including by sex, full-time, part-time and second jobs, UK, rolling three-monthly figures published monthly, seasonally adjusted. Labour Force Survey. These are official .",Labour & Economy,,82,0.88,0,0,0,Labour & Economy,"Thu, 19 Mar 2026 00:00:00 GMT",2026-04-18 18:02:06,https://www.bing.com/news/search?q=site%3Aons.gov.uk+%28upcoming+OR+release+OR+schedule%29+%28population+OR+census+OR+migration+OR+fertility%29&format=rss,2,0.5,35,1,0,581cf25437aac5c5af481d1da8128607,-66.0,19 Mar 2026,189.0
"Labour market overview, UK: March 2026 - Office for National Statistics",ONS Upcoming Releases,UK Official,Official,Release,2026-03-19 07:00:00,Published,https://news.google.com/rss/articles/CBMiwAFBVV95cUxQR3c4MXY2bXd2V1hRdTVCbXZqYVpDME5fbVZlbTRObEdybm01c0RLV2ZyWHBXTW9WNlo2MmxUZVlRdXNUcV83QW45UENPX0luTjI0TV8wMHFVWGQ4UGdJN1F4V3VJWUN3aEtxbkhBOHpOTU1WQXlqeVZXa3NZTl9wdVJnX1NxbFRfQWZjMGVqemhPUGdqV0FGNFlVU2FLZGNtQkhCMnI5RTY4bkdVZjdOSzdCaHBycGdheU1EM2pQOVg?oc=5,"Recently published. Timing: 11 day(s) ago. Labour market overview, UK: March 2026 Office for National Statistics.",Labour & Economy,,82,0.88,0,0,0,Labour & Economy,"Thu, 19 Mar 2026 07:00:00 GMT",2026-03-30 07:07:14,https://news.google.com/rss/search?q=site%3Aons.gov.uk+%28upcoming+OR+release+OR+schedule%29+%28population+OR+census+OR+migration+OR+fertility%29&hl=en-GB&gl=GB&ceid=GB:en,2,0.5,35,1,0,c279cc70083848575891c7b35f0c4c5b,-66.0,19 Mar 2026,189.0
"Labour market overview, UK: March 2026 - ons.gov.uk",ONS Upcoming Releases,UK Official,Official,Release,2026-03-19 07:00:00,Published,https://news.google.com/rss/articles/CBMiwAFBVV95cUxQR3c4MXY2bXd2V1hRdTVCbXZqYVpDME5fbVZlbTRObEdybm01c0RLV2ZyWHBXTW9WNlo2MmxUZVlRdXNUcV83QW45UENPX0luTjI0TV8wMHFVWGQ4UGdJN1F4V3VJWUN3aEtxbkhBOHpOTU1WQXlqeVZXa3NZTl9wdVJnX1NxbFRfQWZjMGVqemhPUGdqV0FGNFlVU2FLZGNtQkhCMnI5RTY4bkdVZjdOSzdCaHBycGdheU1EM2pQOVg?oc=5,"Recently published. Timing: 10 day(s) ago. Labour market overview, UK: March 2026 ons.gov.uk.",Labour & Economy,,82,0.88,0,0,0,Labour & Economy,"Thu, 19 Mar 2026 07:00:00 GMT",2026-03-29 06:41:25,https://news.google.com/rss/search?q=site%3Aons.gov.uk+%28upcoming+OR+release+OR+schedule%29+%28population+OR+census+OR+migration+OR+fertility%29&hl=en-GB&gl=GB&ceid=GB:en,2,0.5,35,1,0,4aa6ce6d2762e49808681fb5d0467d8a,-66.0,19 Mar 2026,189.0
Average weekly earnings in Great Britain: March 2026 - Office for National Statistics,ONS Upcoming Releases,UK Official,Official,Release,2026-03-19 07:11:51,Published,https://news.google.com/rss/articles/CBMi3AFBVV95cUxPZ0dXVmhQNVQtYTBEendkNzhfSUZ3X1RhZ3NoMWQ3ZGpLWUxrV04yc3J5VEFqd1ZBRm9QdklybmRnRHBJSW5aRHhuODlOM3BITGItZ3NuTk9xb2VuTDhzbk45WmJQbzJ5aDB2a25lWXRXM29NMkp1ckpNVnpqUVlEQ3o0bGVNVmxNbmpyOFMzeUpjNm5BZVNvbXh5bVh5U0t6OXV1VTdRT09uZ0psbUxxcDNPUDVIREhOR2JUSm1hbldUeWI0c3pRU3lhU19odV9Jd3NWWmkza3NJWDZR?oc=5,Recently published. Timing: 8 day(s) ago. Average weekly earnings in Great Britain: March 2026 Office for National Statistics.,Labour & Economy,,82,0.88,0,0,0,Labour & Economy,"Thu, 19 Mar 2026 07:11:51 GMT",2026-03-27 06:46:11,https://news.google.com/rss/search?q=site%3Aons.gov.uk+%28upcoming+OR+release+OR+schedule%29+%28population+OR+census+OR+migration+OR+fertility%29&hl=en-GB&gl=GB&ceid=GB:en,2,0.5,35,1,0,0a016b1c123c1b395dc48e6ef004e5b5,-66.0,19 Mar 2026,189.0
Employment in the UK: March 2026 - Office for National Statistics,ONS Upcoming Releases,UK Official,Official,Release,2026-03-19 07:11:51,Published,https://news.google.com/rss/articles/CBMixAFBVV95cUxNdEdraW5TU0cwTnNFdzQxOEgzc3pNNm4yX0syX1Z5ckg5bVQyOHJRVUpSRWNXYzJUdEFRdWJDeTZRc3dQOXBYd0x3V3FHR1ZOcGVEdGdPbW9UTnY1ZjRicmhDZHhiNnMtRktGbEJkZFAxd29ieEpseDBSNzljR3daVjBqbFdjLWd6Tlk1ckhadDFDdGt5bUMtbG1fc0lNQlJ5U2hfNmw4blhWRlBnMjJSSFVJR2VqcWcybXF3dmZadXJDRmVF?oc=5,Recently published. Timing: 7 day(s) ago. Employment in the UK: March 2026 Office for National Statistics.,Labour & Economy,,82,0.88,0,0,0,Labour & Economy,"Thu, 19 Mar 2026 07:11:51 GMT",2026-03-26 06:45:29,https://news.google.com/rss/search?q=site%3Aons.gov.uk+%28upcoming+OR+release+OR+schedule%29+%28population+OR+census+OR+migration+OR+fertility%29&hl=en-GB&gl=GB&ceid=GB:en,2,0.5,35,1,0,744a65831e74377a83bb535eed3a3ab2,-66.0,19 Mar 2026,189.0
"Earnings and employment from Pay As You Earn Real Time Information, UK: March 2026 - Office for National Statistics",ONS Upcoming Releases,UK Official,Official,Release,2026-03-19 07:11:51,Published,https://news.google.com/rss/articles/CBMi9wFBVV95cUxOOEhLNEZOR1BraHRTUzNCcnZRRmxfTUxkSk9mMjdLWEY1Wk5wWk5CVnFNQ0JjTzMxSlpwTC1qcFNtM1BQaGZKVW9zamZ3Zl9rQ2d1SHRkVE50dk5nanlZSUJpQXZsZjZ4aW94ZktENnAwbmpfZWkwMkdDMkFwMUo3WVJHT3hiZlk0QXhLeGNsdjJPaHh1VjZiTDk0Ny04UkhxYmFLSGlJb0xjSzJUTFZtZVFIeXNWRWNXY05qbllNVkFDNGFReUQzVzd4Z3JybkFMTkdscnVqVnZsMUEteFNmdU95ZjhOc0RCUmttMktzUTh1V0dwWUtN?oc=5,"Recently published. Timing: 7 day(s) ago. Earnings and employment from Pay As You Earn Real Time Information, UK: March 2026 Office for National Statistics.",Labour & Economy,,82,0.88,0,0,0,Labour & Economy,"Thu, 19 Mar 2026 07:11:51 GMT",2026-03-26 06:45:29,https://news.google.com/rss/search?q=site%3Aons.gov.uk+%28upcoming+OR+release+OR+schedule%29+%28population+OR+census+OR+migration+OR+fertility%29&hl=en-GB&gl=GB&ceid=GB:en,2,0.5,35,1,0,a333d2a0e82bd9e525650865dd3f0882,-66.0,19 Mar 2026,189.0
News Releases - Census.gov,US Census Releases,US Official,Official,Release,2026-03-26 07:00:00,Published,https://news.google.com/rss/articles/CBMiYEFVX3lxTE5sby11cmZ4ZlVKYlBadG9Hc09Tc2hfMzVVREV6OTBUeE9NZnl5WlZURWpITS1FQlAxYzhkOXJTWEktaVA5TTkwMTZza1RFODM2SXp5bjlCcHREZTBiZkxWNQ?oc=5,Recently published. Timing: 52 day(s) ago. News Releases Census.gov.,Population,,78,0.88,0,0,0,Population,"Thu, 26 Mar 2026 07:00:00 GMT",2026-05-17 18:36:02,https://news.google.com/rss/search?q=site%3Acensus.gov+%28upcoming+OR+release+OR+schedule%29+%28population+OR+census+OR+migration+OR+household%29&hl=en-GB&gl=GB&ceid=GB:en,2,0.5,45,0,0,aaf1f93acec038dc3cf4673fdf359503,-59.0,26 Mar 2026,188.0
Slow Growth Impacts Nation’s Largest Counties Hardest - Census.gov,US Census Releases,US Official,Official,Release,2026-03-26 07:00:00,Published,https://news.google.com/rss/articles/CBMikwFBVV95cUxPdzUtV0wybXV4Z1UwbVFJdkN1YjA5cGtzdl9LN3lBa0JGUm9JY0tjcWk5Qzc3V29PTmI4VDdsVEkwX2Z2eTE0R0pFN2JFaVVmTkdpQkdWRlRrQ29mRUhlUlRodFVNQ0NKUFJkeUR1cFdLd1R1bnAyMmhuZEdFRk91aG5yYUt6blpkTlU1dy1xc3JlcjA?oc=5,Recently published. Timing: 26 day(s) ago. Slow Growth Impacts Nation’s Largest Counties Hardest Census.gov.,Population,,78,0.88,0,0,0,Population,"Thu, 26 Mar 2026 07:00:00 GMT",2026-04-21 18:40:07,https://news.google.com/rss/search?q=site%3Acensus.gov+%28upcoming+OR+release+OR+schedule%29+%28population+OR+census+OR+migration+OR+household%29&hl=en-GB&gl=GB&ceid=GB:en,2,0.5,45,0,0,d26f9068de6747895f65224cb7c48b9f,-59.0,26 Mar 2026,188.0
"Business Trends and Outlook Survey Data Release — March 26, 2026 - Census.gov",US Census Releases,US Official,Official,Release,2026-03-26 07:00:00,Published,https://news.google.com/rss/articles/CBMid0FVX3lxTE1nbVBBTWFTTmtVQjgwMHB0OERHTEszVUxKcGcwckVuTFprUVdXcXoyU1U0dUxNeV9sbXJpWk5UNHJNY05oZGFadmVSRTdqT3BTVE93bDNDOXZjVmVKZWl6MXNKdVhQZU5Vd2Z3M2IyakZDTXhBSjlz?oc=5,"Recently published. Timing: 10 day(s) ago. Business Trends and Outlook Survey Data Release — March 26, 2026 Census.gov.",Population,,78,0.88,0,0,0,Population,"Thu, 26 Mar 2026 07:00:00 GMT",2026-04-05 06:42:55,https://news.google.com/rss/search?q=site%3Acensus.gov+%28upcoming+OR+release+OR+schedule%29+%28population+OR+census+OR+migration+OR+household%29&hl=en-GB&gl=GB&ceid=GB:en,2,0.5,45,0,0,0ca60b2317ee620c786566619bb92b1b,-59.0,26 Mar 2026,188.0
Population Projection for Korea (2022~2072) - sri.kostat.go.kr,KOSTAT South Korea,Korea Official,Official,Release,2026-03-28 04:44:47,Published,https://news.google.com/rss/articles/CBMiqgFBVV95cUxQVnIwSDV6dk9HdjVISThuTDByc0U0ZWIwUWxrSGlYcWVMZWRNSWFlWFBrTXJMMkg2QktIMThKVGFnS1l5OGRZTHA1ak13WlQ4Qzd1RkJvVW5VR2dFVDZSeEhOc2NZbzJDa3RSdUVxenNsV1JsY3JsX2dtbldqTGhmQ3BzcGI4UlJYbVRJY0FpazRTTkswSTNvNER3djdHRUJQamtQY1BKNHIxUQ?oc=5,Recently published. Timing: 12 day(s) ago. Population Projection for Korea (2022~2072) sri.kostat.go.kr.,Population,,80,0.88,0,0,0,Population,"Sat, 28 Mar 2026 04:44:47 GMT",2026-04-09 18:36:31,https://news.google.com/rss/search?q=site%3Akostat.go.kr+%28upcoming+OR+release+OR+schedule%29+%28population+OR+demographic+OR+birth+OR+death%29&hl=en-GB&gl=GB&ceid=GB:en,2,0.5,45,1,0,127c7caf4da0700f5f0e8a4199bd6e62,-57.0,28 Mar 2026,188.0
Preliminary Results of Birth Statistics in 2009 - 국가데이터처,KOSTAT South Korea,Korea Official,Official,Release,2026-02-28 00:35:59,Published,https://news.google.com/rss/articles/CBMinwFBVV95cUxQNWtMOHI5TDBpRjAyZ2s0LUdwXzktYnJnUWVZRGQwS3ZNVXMyTGxPSHFsZDJDOTEzU3d5bDgzZ1hwSWVmamVydWdwZ3BjamZJVVBoQXBuSXRreFFlYUFydndCa2h2LUVneDdpMUdwS0Z3RnhpSTVoVGZ2S0JvOG1aWmI0RUJPZ1dkamtkSC1vdk5MRjVUaUpVWTR6Z1dRWnM?oc=5,Recently published. Timing: 11 day(s) ago. Preliminary Results of Birth Statistics in 2009 국가데이터처.,Fertility & Births,,80,0.88,0,0,0,Fertility & Births,"Sat, 28 Feb 2026 00:35:59 GMT",2026-03-11 07:33:04,https://news.google.com/rss/search?q=site%3Akostat.go.kr+%28upcoming+OR+release+OR+schedule%29+%28population+OR+demographic+OR+birth+OR+death%29&hl=en-GB&gl=GB&ceid=GB:en,2,0.5,15,1,0,d67cb809607e0c6cde6d8b229ebec0dc,-85.0,28 Feb 2026,186.0
Asylum applications in December 2025 - European Commission,Eurostat Release Calendar,EU Official,Official,Release,2026-03-17 07:00:00,Published,https://news.google.com/rss/articles/CBMifkFVX3lxTFB0eTMwekV4V2N3UW93ZWxFOXRlVVZYUkg5a2JsQ1NsRXp3ZHI3S3lhN0pSelBicnJacUoyWVE3Qnljb3ptNUowbXN2VjJJU29TTUhXMmluNV9La25iQzQyWWNzVGUxc19QOFVUZFZvXzVGeTdkdi1nM0xEWVBEUQ?oc=5,Recently published. Timing: 19 day(s) ago. Asylum applications in December 2025 European Commission.,Migration,,85,0.88,0,0,0,Migration,"Tue, 17 Mar 2026 07:00:00 GMT",2026-04-05 17:57:29,https://news.google.com/rss/search?q=site%3Aec.europa.eu+%28upcoming+OR+release+OR+schedule%29+%28population+OR+demography+OR+migration+OR+asylum%29&hl=en-GB&gl=GB&ceid=GB:en,2,0.5,25,1,0,cdbde1b5f9ef6af49b1b59849c4afe2e,-68.0,17 Mar 2026,184.0
Asylum applications in December 2025 - ec.europa.eu,Eurostat Release Calendar,EU Official,Official,Release,2026-03-17 07:00:00,Published,https://news.google.com/rss/articles/CBMifkFVX3lxTFB0eTMwekV4V2N3UW93ZWxFOXRlVVZYUkg5a2JsQ1NsRXp3ZHI3S3lhN0pSelBicnJacUoyWVE3Qnljb3ptNUowbXN2VjJJU29TTUhXMmluNV9La25iQzQyWWNzVGUxc19QOFVUZFZvXzVGeTdkdi1nM0xEWVBEUQ?oc=5,Recently published. Timing: 17 day(s) ago. Asylum applications in December 2025 ec.europa.eu.,Migration,,85,0.88,0,0,0,Migration,"Tue, 17 Mar 2026 07:00:00 GMT",2026-04-03 18:00:55,https://news.google.com/rss/search?q=site%3Aec.europa.eu+%28upcoming+OR+release+OR+schedule%29+%28population+OR+demography+OR+migration+OR+asylum%29&hl=en-GB&gl=GB&ceid=GB:en,2,0.5,25,1,0,9fa88681602097eb6edafbbe52e02c8a,-68.0,17 Mar 2026,184.0
Citizenship granted to almost 1.2 million people in 2024 - ec.europa.eu,Eurostat Release Calendar,EU Official,Official,Release,2026-03-27 07:00:00,Published,https://news.google.com/rss/articles/CBMifkFVX3lxTE42OFVyODdFTDNHNld2MVFnSmVSTXdNSFpKRGdIcUQ3c0JFMkt1aVcyVjAtQzRzUzVMRDQycVZweUF5ZEw0Y3J2Q2s5MkRrc1hRNlVYMDhuWF9YM2hobzdsek0zdzRaMDNXcmhWSHZWQkRoWTNFVmxzY2cwSXN0dw?oc=5,Recently published. Timing: 10 day(s) ago. Citizenship granted to almost 1.2 million people in 2024 ec.europa.eu.,Population,,85,0.88,0,0,0,Population,"Fri, 27 Mar 2026 07:00:00 GMT",2026-04-06 18:12:11,https://news.google.com/rss/search?q=site%3Aec.europa.eu+%28upcoming+OR+release+OR+schedule%29+%28population+OR+demography+OR+migration+OR+asylum%29&hl=en-GB&gl=GB&ceid=GB:en,2,0.5,35,1,0,f2d77a8aeb2ce15b9e9b3c719cf165da,-58.0,27 Mar 2026,184.0
"Private rent and house prices, UK: March 2026 - Office for National Statistics",ONS Upcoming Releases,UK Official,Official,Release,2026-03-25 07:00:00,Published,https://news.google.com/rss/articles/CBMipgFBVV95cUxQSU9CbHFQTXJvQ1FJd2ZDMUI5azB3bVVXRTBDUkZrbmNvZkJaU0hTQW9WWW9PWHduLVZ2YUxxNjZEaEhJcU95MXR3TEc2eXFoQ0tlM0JjQUVMVl9JMm5PXzNoS3lQWC1DVlo2U2NCdHlZTmNtVzhtbTdFdFhraTdKLTRlbTdaR1BYcDZNd0hUN0hZZXhjbXlBYlZvSlF1YkR4Y0pMalN3?oc=5,"Recently published. Timing: 9 day(s) ago. Private rent and house prices, UK: March 2026 Office for National Statistics.",Housing & Families,,82,0.88,0,0,0,Housing & Families,"Wed, 25 Mar 2026 07:00:00 GMT",2026-04-03 06:45:46,https://news.google.com/rss/search?q=site%3Aons.gov.uk+%28upcoming+OR+release+OR+schedule%29+%28population+OR+census+OR+migration+OR+fertility%29&hl=en-GB&gl=GB&ceid=GB:en,2,0.5,35,1,0,a478300e4642d5cbaec6bf5d97e1523d,-60.0,25 Mar 2026,183.0
"Private rent and house prices, UK - ons.gov.uk",ONS Upcoming Releases,UK Official,Official,Release,2026-03-25 16:21:31,Published,https://news.google.com/rss/articles/CBMipgFBVV95cUxQSU9CbHFQTXJvQ1FJd2ZDMUI5azB3bVVXRTBDUkZrbmNvZkJaU0hTQW9WWW9PWHduLVZ2YUxxNjZEaEhJcU95MXR3TEc2eXFoQ0tlM0JjQUVMVl9JMm5PXzNoS3lQWC1DVlo2U2NCdHlZTmNtVzhtbTdFdFhraTdKLTRlbTdaR1BYcDZNd0hUN0hZZXhjbXlBYlZvSlF1YkR4Y0pMalN3?oc=5,"Recently published. Timing: 4 day(s) ago. Private rent and house prices, UK ons.gov.uk.",Housing & Families,,82,0.88,0,0,0,Housing & Families,"Wed, 25 Mar 2026 16:21:31 GMT",2026-03-29 06:41:24,https://news.google.com/rss/search?q=site%3Aons.gov.uk+%28upcoming+OR+release+OR+schedule%29+%28population+OR+census+OR+migration+OR+fertility%29&hl=en-GB&gl=GB&ceid=GB:en,2,0.5,35,1,0,0b8e892228a26305e527cbcc0c663c49,-60.0,25 Mar 2026,183.0
Housing affordability in England and Wales: 2025,ONS Upcoming Releases,UK Official,Official,Release,2026-03-25 17:00:00,Published,http://www.bing.com/news/apiclick.aspx?ref=FexRss&aid=&tid=6a0d73a91e52483c86c062cb5e7b46dd&url=https%3a%2f%2fwww.ons.gov.uk%2fpeoplepopulationandcommunity%2fhousing%2fbulletins%2fhousingaffordabilityinenglandandwales%2f2025&c=12419990385419107352&mkt=en-us,Recently published. Timing: 56 day(s) ago. We have corrected an error in the text in the final main point. The previous version stated the affordability ratio for London was 10.5. It should have read 10.6 .,Housing & Families,,82,0.88,0,0,0,Housing & Families,"Wed, 25 Mar 2026 17:00:00 GMT",2026-05-20 08:41:13,https://www.bing.com/news/search?q=site%3Aons.gov.uk+%28upcoming+OR+release+OR+schedule%29+%28population+OR+census+OR+migration+OR+fertility%29&format=rss,2,0.5,35,1,0,cd01f643e6407c0a3161c8bdbff1894f,-60.0,25 Mar 2026,183.0
2025 Survey on Immigrants' Living Conditions and Labour Force | Total | Press Releases : Ministry of Data and Statistics - kostat.go.kr,KOSTAT South Korea,Korea Official,Official,Release,2026-03-04 12:20:18,Published,https://news.google.com/rss/articles/CBMixAVBVV95cUxNTlcwYWVfMElDcUV6ZGE3RDlWMEtmQ0xnWmNpNHNXMjV1blNFLUtyU2NnS3RBSHoxSHQ5aTlmZUhyVWtaNmdZc1loUG5SU3BXOGJlaXRvZEw4WU1lTzZkOXN0NDR2X2RpMlktZGhvRlNjeTI3MDBBZ3RZb2JfX0RfTE05N2RvUXlySld1NWNzdDlFcUlrLW1CZ1NLSl9kbFN0VklxdnpOb050dGh1Q2NpaWdhT0RwUTFoTTFZVFotMlZWbWVjdDBpV3RxQmFQYm9GV0x1eWNKaEF5RFZvVjFpRml4cWF2TFc4Y1pGY2QwUjR6UGllNC1SZDlUaUc1VXdlaXd6bTFidF9yY0lSSnRFMEw1cE9YSUFwX0I3dHpKdUxtRElIVzZXdnRzVldaM0tGLTgzUVh0a1kyZmtiNFlZRGh1YzkyNnF0cm5EdlREUEJYWmJEM3hYREs2cDRSRVpzMkl4MU5ETTR0a1NGcDFxMzV3cm5EUUdBWC1HQzkzbmZBc0lMV3c1RktmY3k0TnQwMW9vX2l6d0RYbC1meU9CWTdmR0s0WkdkVldYTEVxUDhKNEN1c0Nlb1dsMFVRQzZoTEVfZm1jc1l4dTROZDBiMWpmckR2UmM4a25wQjhkQVlJeFBtNG9wY2ZtWnJxRGdTUl9VcW1aRUljdFNtWlJvTW9KYTVtdmtwdWVmOElOaVpEa2ZWMTFYT1BBbWxJM2RtcGxrRHBUbjJER1hScW9FbERCRmlOdDBfLW80eUVuVmRsa292QjBhc3RoN3VOQUVEb1ZyTUVqMVFUbjNsM05YM29nMGdEYUpkNlpWLVpleDBBVi1wT01wbGhhOVBIdExjOV83TmNaU1pPSVJWVjdRRzNqZkpSbXVXUUg2bExwdUM2Vm51bnFqdnBkUTZ2eHM2QU5LZDdZbzlJTWt1akNyOEpQU3c?oc=5,Recently published. Timing: 69 day(s) ago. 2025 Survey on Immigrants' Living Conditions and Labour Force | Total | Press Releases : Ministry of Data and Statistics kostat.go.kr.,Migration,Labour & Economy,80,0.88,0,0,0,"Migration, Labour & Economy, Housing & Families","Wed, 04 Mar 2026 12:20:18 GMT",2026-05-12 19:17:52,https://news.google.com/rss/search?q=site%3Akostat.go.kr+%28upcoming+OR+release+OR+schedule%29+%28population+OR+demographic+OR+birth+OR+death%29&hl=en-GB&gl=GB&ceid=GB:en,2,0.5,15,1,0,36f05a0c4a4d582d6a5c41d4698a1279,-81.0,04 Mar 2026,182.0
Researcher training courses - UK Biobank,UK Biobank News,Biobanks,Registry,Release,2026-03-24 07:00:00,Published,https://news.google.com/rss/articles/CBMimgFBVV95cUxOTTdKenVCcF92UEtUY2JJQnhheFhjdEJwOWptMmFaclYzaWRjeW04YmZINmU4OXNnVXluOFMxLTBZeTdBWXNGMGtSYnNGZS1xUE9tcUpwUzVibEhqQ2NqV18tMC1LMXVKZXNyQjZpc1FfR1JuU29GRG9SNUkxQ1AyNk9mNzUxZlJuTy1BaHIwOGRWRk5fd3VqWC1B?oc=5,Recently published. Timing: 14 day(s) ago. Researcher training courses UK Biobank.,Biobanks & Registries,,85,0.88,0,0,0,Biobanks & Registries,"Tue, 24 Mar 2026 07:00:00 GMT",2026-04-07 06:52:31,https://news.google.com/rss/search?q=site%3Aukbiobank.ac.uk+%28upcoming+OR+release+OR+schedule%29+%28data+release+OR+cohort+OR+genomic+OR+health+data%29&hl=en-GB&gl=GB&ceid=GB:en,2,0.5,30,1,0,ac3471422530cfc8325fa4dde4da5e9c,-61.0,24 Mar 2026,182.0
Researcher training courses - community.ukbiobank.ac.uk,UK Biobank News,Biobanks,Registry,Release,2026-03-24 07:00:00,Published,https://news.google.com/rss/articles/CBMimgFBVV95cUxOTTdKenVCcF92UEtUY2JJQnhheFhjdEJwOWptMmFaclYzaWRjeW04YmZINmU4OXNnVXluOFMxLTBZeTdBWXNGMGtSYnNGZS1xUE9tcUpwUzVibEhqQ2NqV18tMC1LMXVKZXNyQjZpc1FfR1JuU29GRG9SNUkxQ1AyNk9mNzUxZlJuTy1BaHIwOGRWRk5fd3VqWC1B?oc=5,Recently published. Timing: 13 day(s) ago. Researcher training courses community.ukbiobank.ac.uk.,Biobanks & Registries,,85,0.88,0,0,0,Biobanks & Registries,"Tue, 24 Mar 2026 07:00:00 GMT",2026-04-06 18:12:10,https://news.google.com/rss/search?q=site%3Aukbiobank.ac.uk+%28upcoming+OR+release+OR+schedule%29+%28data+release+OR+cohort+OR+genomic+OR+health+data%29&hl=en-GB&gl=GB&ceid=GB:en,2,0.5,30,1,0,d6b731e37a07ec35c09b5d692c74e313,-61.0,24 Mar 2026,182.0
How affordable are homes in your neighbourhood? - ons.gov.uk,ONS Upcoming Releases,UK Official,Official,Release,2026-03-26 16:10:51,Published,https://news.google.com/rss/articles/CBMivAFBVV95cUxQWXRJaW5PWmpuUnlSRzlvSHRXUm1pU3hqNFhidjRwS080R0JsUHNRNEZ6aXRqWkRUQWZ6TFY2cmlmZjF5MkZCV052TlhKdFExcDNKWi1hZUhKSEd3UW0tbnlWMlNQSHBXN09FQi1qMENmQWFtamxwRjhSd0RrRUdud3ByVmNYQjhGMXRwQXBVZkhpemlVc1J4YjRWZGl0dUdwRGdMdUJ6UG9RamRWSlZ6U2JqNmpZd2hSb1FWbw?oc=5,Recently published. Timing: 7 day(s) ago. How affordable are homes in your neighbourhood? ons.gov.uk.,Housing & Families,,82,0.88,0,0,0,Housing & Families,"Thu, 26 Mar 2026 16:10:51 GMT",2026-04-02 18:08:57,https://news.google.com/rss/search?q=site%3Aons.gov.uk+%28upcoming+OR+release+OR+schedule%29+%28population+OR+census+OR+migration+OR+fertility%29&hl=en-GB&gl=GB&ceid=GB:en,2,0.5,35,1,0,79c96ab1917158be82421ce71173ebf8,-59.0,26 Mar 2026,182.0
How affordable are homes in your neighbourhood? - Office for National Statistics,ONS Upcoming Releases,UK Official,Official,Release,2026-03-26 16:10:51,Published,https://news.google.com/rss/articles/CBMivAFBVV95cUxQWXRJaW5PWmpuUnlSRzlvSHRXUm1pU3hqNFhidjRwS080R0JsUHNRNEZ6aXRqWkRUQWZ6TFY2cmlmZjF5MkZCV052TlhKdFExcDNKWi1hZUhKSEd3UW0tbnlWMlNQSHBXN09FQi1qMENmQWFtamxwRjhSd0RrRUdud3ByVmNYQjhGMXRwQXBVZkhpemlVc1J4YjRWZGl0dUdwRGdMdUJ6UG9RamRWSlZ6U2JqNmpZd2hSb1FWbw?oc=5,Recently published. Timing: 7 day(s) ago. How affordable are homes in your neighbourhood? Office for National Statistics.,Housing & Families,,82,0.88,0,0,0,Housing & Families,"Thu, 26 Mar 2026 16:10:51 GMT",2026-04-02 06:48:41,https://news.google.com/rss/search?q=site%3Aons.gov.uk+%28upcoming+OR+release+OR+schedule%29+%28population+OR+census+OR+migration+OR+fertility%29&hl=en-GB&gl=GB&ceid=GB:en,2,0.5,35,1,0,46059c4cdc8a3fb134cbbaf74816bef4,-59.0,26 Mar 2026,182.0
Commission evaluation of the EU tobacco control framework highlights progress and emerging public health challenges - European Commission,Eurostat Release Calendar,EU Official,Official,Release,2026-04-01 07:00:00,Published,https://news.google.com/rss/articles/CBMicEFVX3lxTFB1ZU1vQkVtNEdjOXF1X0pBdDJCcGdiRTRUTk9rN2xjcGQtYkdnZHVFZWNJMDFBUXBfSjVpUm02UUdFaWZndGxTcHR2VWNFZ3Z5SW10d29Rbk5TT2l2d0F6NkZJakNkZFkzNHJjdTRlbWs?oc=5,Recently published. Timing: 10 day(s) ago. Commission evaluation of the EU tobacco control framework highlights progress and emerging public health challenges European Commission.,Mortality & Health,,85,0.88,0,0,0,Mortality & Health,"Wed, 01 Apr 2026 07:00:00 GMT",2026-04-11 06:38:17,https://news.google.com/rss/search?q=site%3Aec.europa.eu+%28upcoming+OR+release+OR+schedule%29+%28population+OR+demography+OR+migration+OR+asylum%29&hl=en-GB&gl=GB&ceid=GB:en,2,0.5,35,1,0,d3b5401b8be6375c9043541a0943a163,-53.0,01 Apr 2026,179.0
Economically Active Population Survey in March 2026 [Economically active population and labor force participation rate] ◦ The econo.. 2026-04-15,KOSTAT South Korea,Korea Official,Official,Release,2026-04-15 00:00:00,Published,https://kostat.go.kr/board.es?mid=a20101000000&bid=11732&list_no=444558&act=view&mainXml=Y,Recently published. Timing: 13 day(s) ago.,Population,Labour & Economy,80,0.78,0,0,0,"Population, Labour & Economy",2026-04-15,2026-04-28 07:45:32,https://kostat.go.kr/anse/,0,0.772,45,1,0,b7c63be866b29a29dfdb6033f6246841,-39.0,15 Apr 2026,179.0
Commission evaluation of the EU tobacco control framework highlights progress and emerging public health challenges - ec.europa.eu,Eurostat Release Calendar,EU Official,Official,Release,2026-04-02 04:51:29,Published,https://news.google.com/rss/articles/CBMicEFVX3lxTFB1ZU1vQkVtNEdjOXF1X0pBdDJCcGdiRTRUTk9rN2xjcGQtYkdnZHVFZWNJMDFBUXBfSjVpUm02UUdFaWZndGxTcHR2VWNFZ3Z5SW10d29Rbk5TT2l2d0F6NkZJakNkZFkzNHJjdTRlbWs?oc=5,Recently published. Timing: 1 day(s) ago. Commission evaluation of the EU tobacco control framework highlights progress and emerging public health challenges ec.europa.eu.,Mortality & Health,,85,0.88,0,0,0,Mortality & Health,"Thu, 02 Apr 2026 04:51:29 GMT",2026-04-03 18:00:55,https://news.google.com/rss/search?q=site%3Aec.europa.eu+%28upcoming+OR+release+OR+schedule%29+%28population+OR+demography+OR+migration+OR+asylum%29&hl=en-GB&gl=GB&ceid=GB:en,2,0.5,35,1,0,06d293cc06666f47cb6816770e43d9f8,-52.0,02 Apr 2026,178.0
Marriage and Divorce Statistics in 2024 - sri.kostat.go.kr,KOSTAT South Korea,Korea Official,Official,Release,2026-03-29 13:26:17,Published,https://news.google.com/rss/articles/CBMijAFBVV95cUxQSUdNcXVkR3NPdEdCWHZsYmdxYkp3dEpMZTdOUVBOVGlIdEZMWjNkWkFNaDFKeW92Y1VSR0lpZDlJcGQwZVVVT1N0REVPckQ3QloxMzB2MmQ4VzlwZUY1TDBNVndXSDRCaktlTXlvWC1Qa3Znb2N4WXE0dFptUDY3NGdvSEkzUjFPQ00zaw?oc=5,Recently published. Timing: 8 day(s) ago. Marriage and Divorce Statistics in 2024 sri.kostat.go.kr.,Housing & Families,,80,0.88,0,0,0,Housing & Families,"Sun, 29 Mar 2026 13:26:17 GMT",2026-04-06 18:12:09,https://news.google.com/rss/search?q=site%3Akostat.go.kr+%28upcoming+OR+release+OR+schedule%29+%28population+OR+demographic+OR+birth+OR+death%29&hl=en-GB&gl=GB&ceid=GB:en,2,0.5,35,1,0,e8a4686d082deb1dbd02ec7ee05a2013,-56.0,29 Mar 2026,177.0
The Summary Result of the 2016 Social Survey | Total | Social Statistics | Press Releases : Ministry of Data and Statistics - sri.kostat.go.kr,KOSTAT South Korea,Korea Official,Official,Release,2026-03-10 00:32:37,Published,https://news.google.com/rss/articles/CBMinwFBVV95cUxOcE8zMm9adDFCYmxuTWg3SC1Va3ZSc1VOckRQSnlFUXdBaDA5VERES1dwZEFhV2p6ekF6LTZOamIxMnZXeW1ZRUNyVFplRWV2dTlDMFZjSHlVdVh6N1pqMHBYMEVUOThQWDFhX3NuVWVUeEtVWEFWR0dtWnl6Zi1CV3dwd2VEckNDMUZGd1ZrZ0hLSW5BRVZYc0xMc1daS1E?oc=5,Recently published. Timing: 42 day(s) ago. The Summary Result of the 2016 Social Survey | Total | Social Statistics | Press Releases : Ministry of Data and Statistics sri.kostat.go.kr.,General,,80,0.88,0,0,0,,"Tue, 10 Mar 2026 00:32:37 GMT",2026-04-21 07:12:24,https://news.google.com/rss/search?q=site%3Akostat.go.kr+%28upcoming+OR+release+OR+schedule%29+%28population+OR+demographic+OR+birth+OR+death%29&hl=en-GB&gl=GB&ceid=GB:en,2,0.5,15,1,0,2daa37d560efd089f0278455db2528b7,-75.0,10 Mar 2026,176.0
27% drop in first-time asylum applications in 2025 - ec.europa.eu,Eurostat Release Calendar,EU Official,Official,Release,2026-03-25 07:00:00,Published,https://news.google.com/rss/articles/CBMifkFVX3lxTE9sT3BHbUFTX3FTMHZiTnl0cWt1RjdPQzdQQjNMWTZoUUUzdlVOUEUzeWstbk5lWHByc1A5NlpnLS1CbjBxMnBQb1ZQQ0VRZ0Uwd05EcWFDOVVVcUZ6RzU4SFliLU8tU2NlWmowcU9qMEVTQmFkQzdxRTBDekFvdw?oc=5,Recently published. Timing: 9 day(s) ago. 27% drop in first-time asylum applications in 2025 ec.europa.eu.,Migration,,85,0.88,0,0,0,Migration,"Wed, 25 Mar 2026 07:00:00 GMT",2026-04-03 18:00:56,https://news.google.com/rss/search?q=site%3Aec.europa.eu+%28upcoming+OR+release+OR+schedule%29+%28population+OR+demography+OR+migration+OR+asylum%29&hl=en-GB&gl=GB&ceid=GB:en,2,0.5,25,1,0,c3506dda78d7a197003391c38c1d7fcb,-60.0,25 Mar 2026,176.0
27% drop in first-time asylum applications in 2025 - European Commission,Eurostat Release Calendar,EU Official,Official,Release,2026-03-25 07:00:00,Published,https://news.google.com/rss/articles/CBMifkFVX3lxTE9sT3BHbUFTX3FTMHZiTnl0cWt1RjdPQzdQQjNMWTZoUUUzdlVOUEUzeWstbk5lWHByc1A5NlpnLS1CbjBxMnBQb1ZQQ0VRZ0Uwd05EcWFDOVVVcUZ6RzU4SFliLU8tU2NlWmowcU9qMEVTQmFkQzdxRTBDekFvdw?oc=5,Recently published. Timing: 9 day(s) ago. 27% drop in first-time asylum applications in 2025 European Commission.,Migration,,85,0.88,0,0,0,Migration,"Wed, 25 Mar 2026 07:00:00 GMT",2026-04-03 06:45:56,https://news.google.com/rss/search?q=site%3Aec.europa.eu+%28upcoming+OR+release+OR+schedule%29+%28population+OR+demography+OR+migration+OR+asylum%29&hl=en-GB&gl=GB&ceid=GB:en,2,0.5,25,1,0,e1c75899f61f6b01267f58699a2c0907,-60.0,25 Mar 2026,176.0
Release Dates - Census.gov,US Census Releases,US Official,Official,Release,2026-04-07 07:00:00,Published,https://news.google.com/rss/articles/CBMikAFBVV95cUxPZjFkRzBuQ1NXZmM5bVI5UjFuOW1BZ1RXWmZ5NHlrdW85ZjlQR1k0NnlhR3M5b3dtb2k0R1BRMTJScW9xRzZYeUt5VW0zWS1kOS1jSERDTUFldUwwMW5OWDRsSVg3SHlVQUg2T3NYazV6czN3Y0RrbHRzLWFsUUVfUWRTYVlpdXVUeUhXLWViR1g?oc=5,Recently published. Timing: 41 day(s) ago. Release Dates Census.gov.,Population,,78,0.88,0,0,0,Population,"Tue, 07 Apr 2026 07:00:00 GMT",2026-05-18 19:12:13,https://news.google.com/rss/search?q=site%3Acensus.gov+%28upcoming+OR+release+OR+schedule%29+%28population+OR+census+OR+migration+OR+household%29&hl=en-GB&gl=GB&ceid=GB:en,2,0.5,45,0,0,77594293d17ae050acd6296ba523f65b,-47.0,07 Apr 2026,176.0
Construction output in Great Britain: January 2026 - Office for National Statistics,ONS Upcoming Releases,UK Official,Official,Release,2026-03-13 07:09:23,Published,https://news.google.com/rss/articles/CBMiwAFBVV95cUxQUll1ZnBuOVhIbG5PZGU1LW8zU0RJb2prS29hWEp6QmY3UVhkdG03WVk2RzZWQ29ET2hjbnMtcVVJb3RxcWctQ2hkQXEyOV8zeWI3OE9pVll6RkJIVHlEdFdBTk1TaHJkRnZmcUgtUlZLR1lTS3VwWm5rMGxuZy11S1doZXN3Uk5MTW0xUVNDTmdUSDRHcF9mV2Q0dlRzc0o4S19XZDAtakZDakh2VGFjOTBkcU01MzdGQmR5WTBTdy0?oc=5,Recently published. Timing: 7 day(s) ago. Construction output in Great Britain: January 2026 Office for National Statistics.,General,,82,0.88,0,0,0,,"Fri, 13 Mar 2026 07:09:23 GMT",2026-03-20 18:00:53,https://news.google.com/rss/search?q=site%3Aons.gov.uk+%28upcoming+OR+release+OR+schedule%29+%28population+OR+census+OR+migration+OR+fertility%29&hl=en-GB&gl=GB&ceid=GB:en,2,0.5,15,1,0,e23d55c8913c96a85feeab83f8fc77e8,-72.0,13 Mar 2026,175.0
Health research data for the world - UK Biobank - ukbiobank.ac.uk,UK Biobank News,Biobanks,Registry,Release,2026-03-31 11:38:46,Published,https://news.google.com/rss/articles/CBMiQkFVX3lxTE5neUw2dTJ6N3lNakNieUtMd1RCVFIwWVlmdk45ZVV3ajEyY2tmN3d5QWVsUDhLVzZ0YlY2VkNEcjduQQ?oc=5,Recently published. Timing: 4 day(s) ago. Health research data for the world - UK Biobank ukbiobank.ac.uk.,Mortality & Health,Biobanks & Registries,85,0.88,0,0,0,"Mortality & Health, Biobanks & Registries","Tue, 31 Mar 2026 11:38:46 GMT",2026-04-04 17:57:27,https://news.google.com/rss/search?q=site%3Aukbiobank.ac.uk+%28upcoming+OR+release+OR+schedule%29+%28data+release+OR+cohort+OR+genomic+OR+health+data%29&hl=en-GB&gl=GB&ceid=GB:en,2,0.5,30,1,0,663495a806a921293656716c22044528,-54.0,31 Mar 2026,175.0
Business Formation Statistics Monthly Data Release — March 2026 - Census.gov,US Census Releases,US Official,Official,Release,2026-04-08 04:00:00,Published,https://news.google.com/rss/articles/CBMimAFBVV95cUxPOFVQTHI4QTNXU0dWUFFEb2Q2bnJkOWliUmlzTjZ3NlFoNkdPWXdQa2IyZG9PelZ2M3ZWUkxMa3NrZkFQbXBKWWgtSVNkQVl5dDdlOXEzaG15clZmNHZJNUZqUzBlV1EybG5BcjVRWXNhUU9uR2dyX0tSMGdxbUx6bV9sVE1oSVItQUxWMDNreDlqcnB2a0dfMg?oc=5,Recently published. Timing: 29 day(s) ago. Business Formation Statistics Monthly Data Release — March 2026 Census.gov.,Population,,78,0.88,0,0,0,Population,"Wed, 08 Apr 2026 04:00:00 GMT",2026-05-07 08:04:16,https://news.google.com/rss/search?q=site%3Acensus.gov+%28upcoming+OR+release+OR+schedule%29+%28population+OR+census+OR+migration+OR+household%29&hl=en-GB&gl=GB&ceid=GB:en,2,0.5,45,0,0,02108b11efaa2cfa2f40c32f0c5f0803,-46.0,08 Apr 2026,175.0
ARDECO Local Population Time-Series – 1961-2024 - JRC Data Catalogue,Eurostat Release Calendar,EU Official,Official,Release,2026-04-15 07:00:00,Published,https://news.google.com/rss/articles/CBMif0FVX3lxTFB6U2llVVBxWkhsa0wyNDhQTGVjOXBjU2dTM3lOVDlLWTg0TnhlLTVTcVZoVHBndEhGVVItdzZQRlhoYWMyWlBYcGE2ZHpkUGlFNlpUY282Y2V5Y0txdWtKMldFeHQ3Wl9mTW05R1hOYjJiV3o5RlFKVGJBbmxuMUU?oc=5,Recently published. Timing: 39 day(s) ago. ARDECO Local Population Time-Series – 1961-2024 JRC Data Catalogue.,Population,,85,0.88,0,0,0,Population,"Wed, 15 Apr 2026 07:00:00 GMT",2026-05-24 08:03:51,https://news.google.com/rss/search?q=site%3Aec.europa.eu+%28upcoming+OR+release+OR+schedule%29+%28population+OR+demography+OR+migration+OR+asylum%29&hl=en-GB&gl=GB&ceid=GB:en,2,0.5,45,1,0,22f8102a0974b4979321ea1cbfa0f480,-39.0,15 Apr 2026,175.0
Ministry of Data and Statistics - 국가데이터처,KOSTAT South Korea,Korea Official,Official,Release,2026-03-12 07:00:00,Published,https://news.google.com/rss/articles/CBMiqgFBVV95cUxQNm1pdTZ3eEthZ24xb1ZRRlJwOTcyem1EZGJ6RFNqb0FVaXViU0ZPZGFsNlZyU0tfTmJSX1pnVWR4Qng3cUViR1BIVnNoaWlsemdielM1ampoU2RnUDBGaGVDZnRvQmRiTUJ5VmduZ3RFWm14ckJTX0E5WE5MZGhSU3dtSHk4LXRhQ2ZFMmRfc1hsVUhfVTRIalRUZFZKM0Z1VVFKLWt5SWxzUQ?oc=5,Recently published. Timing: 73 day(s) ago. Ministry of Data and Statistics 국가데이터처.,General,,80,0.88,0,0,0,,"Thu, 12 Mar 2026 07:00:00 GMT",2026-05-24 08:03:52,https://news.google.com/rss/search?q=site%3Akostat.go.kr+%28upcoming+OR+release+OR+schedule%29+%28population+OR+demographic+OR+birth+OR+death%29&hl=en-GB&gl=GB&ceid=GB:en,2,0.5,15,1,0,701244f4d5403ac7a1465d9e8927c54f,-73.0,12 Mar 2026,174.0
Ministry of Data and Statistics - kostat.go.kr,KOSTAT South Korea,Korea Official,Official,Release,2026-03-12 07:00:00,Published,https://news.google.com/rss/articles/CBMiqgFBVV95cUxQNm1pdTZ3eEthZ24xb1ZRRlJwOTcyem1EZGJ6RFNqb0FVaXViU0ZPZGFsNlZyU0tfTmJSX1pnVWR4Qng3cUViR1BIVnNoaWlsemdielM1ampoU2RnUDBGaGVDZnRvQmRiTUJ5VmduZ3RFWm14ckJTX0E5WE5MZGhSU3dtSHk4LXRhQ2ZFMmRfc1hsVUhfVTRIalRUZFZKM0Z1VVFKLWt5SWxzUQ?oc=5,Recently published. Timing: 70 day(s) ago. Ministry of Data and Statistics kostat.go.kr.,General,,80,0.88,0,0,0,,"Thu, 12 Mar 2026 07:00:00 GMT",2026-05-21 19:26:23,https://news.google.com/rss/search?q=site%3Akostat.go.kr+%28upcoming+OR+release+OR+schedule%29+%28population+OR+demographic+OR+birth+OR+death%29&hl=en-GB&gl=GB&ceid=GB:en,2,0.5,15,1,0,8bb34752846b29d0097f5ac0842386e0,-73.0,12 Mar 2026,174.0
Commission announces new global health commitments at One Health Summit - European Commission,Eurostat Release Calendar,EU Official,Official,Release,2026-04-06 07:00:00,Published,https://news.google.com/rss/articles/CBMicEFVX3lxTFBUTm16allwMVFJTlc1eUtFeFRaQW1ReUhaWkFBOGhRWUMzMnRnVEo1U00wemQ1aGZmMjNQZml3VkZiSllCWVA0cUhkZ2Z2NC1QZHZwOHFpNE9XX2pteWFSX3hLckVRUnNSS3VkazFPa0g?oc=5,Recently published. Timing: 8 day(s) ago. Commission announces new global health commitments at One Health Summit European Commission.,Mortality & Health,,85,0.88,0,0,0,Mortality & Health,"Mon, 06 Apr 2026 07:00:00 GMT",2026-04-14 07:07:51,https://news.google.com/rss/search?q=site%3Aec.europa.eu+%28upcoming+OR+release+OR+schedule%29+%28population+OR+demography+OR+migration+OR+asylum%29&hl=en-GB&gl=GB&ceid=GB:en,2,0.5,35,1,0,4a1d0e0c0bf5a0a17c2f1d73cd104ab3,-48.0,06 Apr 2026,174.0
New 2025 U.S. Population Estimates by Age and Sex - Census.gov,US Census Releases,US Official,Official,Release,2026-04-09 04:00:00,Published,https://news.google.com/rss/articles/CBMijgFBVV95cUxNeEk0cFBtZWlqYXVObUtBTVJaeFhjay0tSTVMQzg3Rk45TjRscElSendvNnpEaC1Bd0llSkRJV09PcTdvMTdvckFQcHg0SG9zbG5XUVN2OXd6YUt1MTZFOFpLb3paekE5cklZWUppa29EODZjQzF0TWZ1V1lfQk51MDd5UEtlejVmbHc3SjBB?oc=5,Recently published. Timing: 10 day(s) ago. New 2025 U.S. Population Estimates by Age and Sex Census.gov.,Population,,78,0.88,0,0,0,Population,"Thu, 09 Apr 2026 04:00:00 GMT",2026-04-19 06:58:11,https://news.google.com/rss/search?q=site%3Acensus.gov+%28upcoming+OR+release+OR+schedule%29+%28population+OR+census+OR+migration+OR+household%29&hl=en-GB&gl=GB&ceid=GB:en,2,0.5,45,0,0,c2196beb7cf1e5fa8c03ba48799b085a,-45.0,09 Apr 2026,174.0
"Business Trends and Outlook Survey Data Release — April 9, 2026 - Census.gov",US Census Releases,US Official,Official,Release,2026-04-09 07:00:00,Published,https://news.google.com/rss/articles/CBMidkFVX3lxTE4wLUZ5NExjLTE3UHdha1JDSTIzNTF1b3BnQU10WVpQOFJWYUVfQmZSU0NIcjFtcS1FUktqbmwxLU5RSHdvY1lWMEk0al84a3RrTFhraDZia2p3SFd4WTBFUWc1aDV5S1VTajhIay1CdG1ELUxtVVE?oc=5,"Recently published. Timing: 29 day(s) ago. Business Trends and Outlook Survey Data Release — April 9, 2026 Census.gov.",Population,,78,0.88,0,0,0,Population,"Thu, 09 Apr 2026 07:00:00 GMT",2026-05-08 07:06:43,https://news.google.com/rss/search?q=site%3Acensus.gov+%28upcoming+OR+release+OR+schedule%29+%28population+OR+census+OR+migration+OR+household%29&hl=en-GB&gl=GB&ceid=GB:en,2,0.5,45,0,0,871befc595689f07829992c919a8dede,-45.0,09 Apr 2026,174.0
Monthly Wholesale Trade Report for February 2026 - Census.gov,US Census Releases,US Official,Official,Release,2026-04-09 07:00:00,Published,https://news.google.com/rss/articles/CBMiZ0FVX3lxTE5wWGJmTkZONWYyUVhhNUE1TzlLVWs0dldlME1UVHF0RGhPei1xSzNESEJRa2dTUFJNWmVhazBWbEZzMVNFU3F0R2VnbHVLMjJwU1lQdXo0Vy1Eampla0hKR0E5dnA2c0U?oc=5,Recently published. Timing: 25 day(s) ago. Monthly Wholesale Trade Report for February 2026 Census.gov.,Population,,78,0.88,0,0,0,Population,"Thu, 09 Apr 2026 07:00:00 GMT",2026-05-04 19:04:55,https://news.google.com/rss/search?q=site%3Acensus.gov+%28upcoming+OR+release+OR+schedule%29+%28population+OR+census+OR+migration+OR+household%29&hl=en-GB&gl=GB&ceid=GB:en,2,0.5,45,0,0,f4aa0bf2c236ceb04b5953022b31ef81,-45.0,09 Apr 2026,174.0
"Women Still Outnumbered Men Among the Oldest, but Gap is Narrowing - Census.gov",US Census Releases,US Official,Official,Release,2026-04-09 07:00:00,Published,https://news.google.com/rss/articles/CBMicEFVX3lxTE1tTk5KTDhmWGROVFRWTHQ4Zm5aUXV2WnhHNEdzaEswZUtKX0lscWkwTVpReWl0enlWYl84V0NPdmNHMG4tWFB5QzJEWm1SM0VVWFdBdWZ5QnpzLU5vQ2ZiaU5RdW1pWnZ2MFJNSVRLQlY?oc=5,"Recently published. Timing: 12 day(s) ago. Women Still Outnumbered Men Among the Oldest, but Gap is Narrowing Census.gov.",Population,,78,0.88,0,0,0,Population,"Thu, 09 Apr 2026 07:00:00 GMT",2026-04-21 18:40:07,https://news.google.com/rss/search?q=site%3Acensus.gov+%28upcoming+OR+release+OR+schedule%29+%28population+OR+census+OR+migration+OR+household%29&hl=en-GB&gl=GB&ceid=GB:en,2,0.5,45,0,0,29f894988dcff0317a808d8d47a7a0ea,-45.0,09 Apr 2026,174.0
EU’s population projected to drop by 11.7% by 2100 - European Commission,Eurostat Release Calendar,EU Official,Official,Release,2026-04-16 07:00:00,Published,https://news.google.com/rss/articles/CBMifkFVX3lxTE1rVlRxd3hTQ092UnF2NDZCWkd5TVNCa1haeXJOckhQb2dtNTZDdmg1S2puNUhSbkpXSG5wbDJNZXZZeE9DTHZyOExiUEhfOUZBOTZaVF9lQ2t5bUdhTnJKdUFlRWdYNGVuRjlTZWwtbkNjTUxjWVpzMTd5Tl9GQQ?oc=5,Recently published. Timing: 17 day(s) ago. EU’s population projected to drop by 11.7% by 2100 European Commission.,Population,,85,0.88,0,0,0,Population,"Thu, 16 Apr 2026 07:00:00 GMT",2026-05-03 18:11:10,https://news.google.com/rss/search?q=site%3Aec.europa.eu+%28upcoming+OR+release+OR+schedule%29+%28population+OR+demography+OR+migration+OR+asylum%29&hl=en-GB&gl=GB&ceid=GB:en,2,0.5,45,1,0,b059fbd89498905c31eed85aaa63aa54,-38.0,16 Apr 2026,174.0
40% of people aged 65+ consider themselves healthy - European Commission,Eurostat Release Calendar,EU Official,Official,Release,2026-04-07 09:01:26,Published,https://news.google.com/rss/articles/CBMifkFVX3lxTFAxWDN5LVRMM01aRWJQMGxaMmNRNE5YaTBzbU5FTVRsVDJUTUpYUjY1ODFQMkNKREhJWDRqM0hDVnhXUy1ldXotbUVqbjV6TVBldjBsM1l0ZWJ3dkpCemVtYUFPRWVtSEUzNHhOODMzbFAzYTlNRW9wTzVKWmt6UQ?oc=5,Recently published. Timing: 7 day(s) ago. 40% of people aged 65+ consider themselves healthy European Commission.,Population,Mortality & Health,85,0.88,0,0,0,"Population, Mortality & Health","Tue, 07 Apr 2026 09:01:26 GMT",2026-04-14 18:45:07,https://news.google.com/rss/search?q=site%3Aec.europa.eu+%28upcoming+OR+release+OR+schedule%29+%28population+OR+demography+OR+migration+OR+asylum%29&hl=en-GB&gl=GB&ceid=GB:en,2,0.5,35,1,0,b6be04974b1e237fea4e815d231d36e9,-47.0,07 Apr 2026,173.0
"MONTHLY ADVANCE REPORT ON DURABLE GOODS MANUFACTURERS’ SHIPMENTS, INVENTORIES AND ORDERS FEBRUARY 2026 - Census.gov",US Census Releases,US Official,Official,Release,2026-04-10 07:00:00,Published,https://news.google.com/rss/articles/CBMiaEFVX3lxTE5GSExiY3BWdmZMMWJuWVQ5TFhsNVVod2F4NVBmc05SSjZYQkFBQ3pDaWJkaVZwZGpzLVhHSnQ1M1ZhUHVmZUEwZzJvRWtnaWhzS0hkZmxxOFhZRDM3UjJrX0wwWVdUNHIx?oc=5,"Recently published. Timing: 19 day(s) ago. MONTHLY ADVANCE REPORT ON DURABLE GOODS MANUFACTURERS’ SHIPMENTS, INVENTORIES AND ORDERS FEBRUARY 2026 Census.gov.",Population,,78,0.88,0,0,0,Population,"Fri, 10 Apr 2026 07:00:00 GMT",2026-04-29 07:39:05,https://news.google.com/rss/search?q=site%3Acensus.gov+%28upcoming+OR+release+OR+schedule%29+%28population+OR+census+OR+migration+OR+household%29&hl=en-GB&gl=GB&ceid=GB:en,2,0.5,45,0,0,ad130c8dc987f91e1bdc94ecb5f5e4ab,-44.0,10 Apr 2026,173.0
The Entry/Exit System will become fully operational on 10 April 2026 - Migration and Home Affairs,Eurostat Release Calendar,EU Official,Official,Release,2026-03-30 07:00:00,Published,https://news.google.com/rss/articles/CBMiswFBVV95cUxPRjNtTzVzQkxDd1gzbHN5Z0VXREJWZ2tsTkwwS0N0UGZOaDJOSzNMb3IzS04yQmc1aUZXanRaeEhCclA0MFNYbWx1VnJEWGFnYU9QbFhHUWY4REdUYndYMWVubERyay1fVnRTQy1pVkxZaUUtbEctb2w1QTU5Wkx5UmVYd2VEWThjVGxYV3YtY0ZUZ0RPbnpRZms5SjlxRUxmeUZOQnhxdGQ2WkU5MjdIVzZQOA?oc=5,Recently published. Timing: 13 day(s) ago. The Entry/Exit System will become fully operational on 10 April 2026 Migration and Home Affairs.,Migration,Housing & Families,85,0.88,0,0,0,"Migration, Housing & Families","Mon, 30 Mar 2026 07:00:00 GMT",2026-04-12 18:01:55,https://news.google.com/rss/search?q=site%3Aec.europa.eu+%28upcoming+OR+release+OR+schedule%29+%28population+OR+demography+OR+migration+OR+asylum%29&hl=en-GB&gl=GB&ceid=GB:en,2,0.5,25,1,0,d8cc9db5bd20c03697292d1bccea3cb0,-55.0,30 Mar 2026,171.0
"(5th meeting) 59th session of the Commission on Population and Development, CPD59 - UN Web TV",UN Population Division,Global / UN,Signal,Release,2026-04-01 17:34:12,Published,https://news.google.com/rss/articles/CBMiV0FVX3lxTE5MbjVwQ1lLRWJuZHdRQzJPVXJJNzEwZlZwelM3eHluX3BHYmVaT2dyWmVzZk5adURac25vR1FGbm9WTEVpdGlwWnc2cHM2TzJXbDMySGhGbw?oc=5,"Recently published. Timing: 15 day(s) ago. (5th meeting) 59th session of the Commission on Population and Development, CPD59 UN Web TV.",Population,,80,0.88,0,0,0,Population,"Wed, 01 Apr 2026 17:34:12 GMT",2026-04-16 07:10:30,https://news.google.com/rss/search?q=site%3Aun.org+%28upcoming+OR+release+OR+schedule%29+%28population+OR+demographic+OR+migration+OR+fertility%29&hl=en-GB&gl=GB&ceid=GB:en,2,0.5,30,1,0,4be31f24757e443894a57da4316cf74f,-53.0,01 Apr 2026,169.0
Most Common First Names and Last Names in the 2020 Census - Census.gov,US Census Releases,US Official,Official,Release,2026-04-14 07:00:00,Published,https://news.google.com/rss/articles/CBMihgFBVV95cUxORXlNMWEtM2JqLWJNVnRkRlg1bHloUlJNc1NuRmdhX2ZzT1llQlpQRTlCT2E5MmljNXJVdnRXVEdDQVZ2TGRSYl9SNFUtdks5UDJ2c2pIZ2RMNm5uSWw0RDl2QVlLbVl0ZzZUSHJGNUJiMEtoUVE4Y0xiTlVpTnRMS1gyRWpKdw?oc=5,Recently published. Timing: 11 day(s) ago. Most Common First Names and Last Names in the 2020 Census Census.gov.,Population,,78,0.88,0,0,0,Population,"Tue, 14 Apr 2026 07:00:00 GMT",2026-04-25 06:51:32,https://news.google.com/rss/search?q=site%3Acensus.gov+%28upcoming+OR+release+OR+schedule%29+%28population+OR+census+OR+migration+OR+household%29&hl=en-GB&gl=GB&ceid=GB:en,2,0.5,45,0,0,073c3fac96e2fb79ce903b8f69bd2243,-40.0,14 Apr 2026,169.0
Resolutions of the 75th Session,UN Population Division,Global / UN,Signal,Release,2026-03-03 01:12:00,Published,http://www.bing.com/news/apiclick.aspx?ref=FexRss&aid=&tid=69ba48eb5d5c46d48721bc7aaad45afd&url=https%3a%2f%2fwww.un.org%2fen%2fga%2f75%2fresolutions.shtml&c=11191417481665780315&mkt=en-us,Recently published. Timing: 15 day(s) ago. List prepared and maintained by the Dag Hammarskjöld Library.,General,,80,0.88,0,0,0,,"Tue, 03 Mar 2026 01:12:00 GMT",2026-03-18 06:40:43,https://www.bing.com/news/search?q=site%3Aun.org+%28upcoming+OR+release+OR+schedule%29+%28population+OR+demographic+OR+migration+OR+fertility%29&format=rss,2,0.5,0,1,0,d82ea85686ec38ac7372850df6214fed,-82.0,03 Mar 2026,168.0
Annual Survey of State Government Tax Collections Data Now Available - Census.gov,US Census Releases,US Official,Official,Release,2026-04-15 04:00:00,Published,https://news.google.com/rss/articles/CBMimgFBVV95cUxOaU9wSTB6QXNnWElnTGJpUVdnaXlGSDJDZXVhS1daNlZXcC0td0p3MmpWRHlmZGY2MkdGbnBZWHRYcGVvcmN5Q3NYbmFXRnFaSmVMRDNFaWtvY3VDZi0xVzkwR0RwSllva2IzbEhoSzI5bVhldU5mNTYwWDJDd3UtcTN6a2VKeFRUTkc4eFhtaUIyalV6a3ZLdjZB?oc=5,Recently published. Timing: 6 day(s) ago. Annual Survey of State Government Tax Collections Data Now Available Census.gov.,Population,,78,0.88,0,0,0,Population,"Wed, 15 Apr 2026 04:00:00 GMT",2026-04-21 18:40:07,https://news.google.com/rss/search?q=site%3Acensus.gov+%28upcoming+OR+release+OR+schedule%29+%28population+OR+census+OR+migration+OR+household%29&hl=en-GB&gl=GB&ceid=GB:en,2,0.5,45,0,0,4eb05267bb63e9abcf3714eccab98a1f,-39.0,15 Apr 2026,168.0
"Healthy life expectancy by national area deprivation, England and Wales: between 2013 to 2015 and 2022 to 2024",ONS Upcoming Releases,UK Official,Official,Release,2026-04-15 02:30:00,Published,http://www.bing.com/news/apiclick.aspx?ref=FexRss&aid=&tid=6a00cb1285e149d4b448a9a50d5dfa6f&url=https%3a%2f%2fwww.ons.gov.uk%2freleases%2fhealthylifeexpectancybynationalareadeprivationenglandandwalesbetween2013to2015and2022to2024&c=13548111336680894831&mkt=en-us,Recently published. Timing: 25 day(s) ago. Cookies are small files stored on your device when you visit a website. We use some essential cookies to make this website work. We would like to set additional cookies to remember your settings and .,Mortality & Health,,82,0.88,0,0,0,Mortality & Health,"Wed, 15 Apr 2026 02:30:00 GMT",2026-05-10 18:14:42,https://www.bing.com/news/search?q=site%3Aons.gov.uk+%28upcoming+OR+release+OR+schedule%29+%28population+OR+census+OR+migration+OR+fertility%29&format=rss,2,0.5,35,1,0,161814270b824226310fcafef4f190f8,-39.0,15 Apr 2026,162.0
"Healthy life expectancy by national area deprivation, England and Wales: between 2013 to 2015 and 2022 to 2024 - Office for National Statistics",ONS Upcoming Releases,UK Official,Official,Release,2026-04-15 07:00:00,Published,https://news.google.com/rss/articles/CBMingJBVV95cUxORTM4UjdhWEJ6ZWJCZmpMcUN5eHBEbHZZcU83NHhxTHhELVg4cTdHTVZtWUdLUDVzbnVTNjlfNkc0T3NBUHdDYUw5VlVGcTB4VUNYTjZRb3I1cEFNOW5tcnQycF9vczJTbl8xQTZqQ0FTN2lrRkh3WUh4eDdURGs3S1Y3NjdqcmlLdDNoZ1lyejRxbDI4VGtxMXFEempackJBZGszRVdocE4xX1laTHlQRVoxTmYyaEFlaTF2VWRHSVJFemRpelUtNFgtMmc3ZFB6TVN4Q1EtdTZpaEczb2YtZm53Uk84YXNyUGtJLUZvM3RsRXYxZTRpMDV6TTQ4MlhFRVBLRklPQ3l0ZVZRZTN0RHl5N0FRbzVDcFZial9B?oc=5,"Recently published. Timing: 8 day(s) ago. Healthy life expectancy by national area deprivation, England and Wales: between 2013 to 2015 and 2022 to 2024 Office for National Statistics.",Mortality & Health,,82,0.88,0,0,0,Mortality & Health,"Wed, 15 Apr 2026 07:00:00 GMT",2026-04-23 18:42:27,https://news.google.com/rss/search?q=site%3Aons.gov.uk+%28upcoming+OR+release+OR+schedule%29+%28population+OR+census+OR+migration+OR+fertility%29&hl=en-GB&gl=GB&ceid=GB:en,2,0.5,35,1,0,0429aa50b0051f56db33dfdde90f4677,-39.0,15 Apr 2026,162.0
Past data releases - community.ukbiobank.ac.uk,UK Biobank News,Biobanks,Registry,Release,2026-04-14 07:00:00,Published,https://news.google.com/rss/articles/CBMijgFBVV95cUxOU3pMLTFpQ3U4dnl0dE9aNVZmeUd3SzZRdkJKVkFzUy0wWml4MF9Jelh1Nm1WX0lrY0EtbkU1c2oyZFJhQThrVldFRXZzNjBPck1pYXBwT0J1bUFyZkRIRUY3TnA3ZGF4NXRISWZmR252X2lJZFR1Z3gxTTlvbmhNRDMxQTl6ZEFmU0FVSlZ3?oc=5,Recently published. Timing: 40 day(s) ago. Past data releases community.ukbiobank.ac.uk.,Biobanks & Registries,,85,0.88,0,0,0,Biobanks & Registries,"Tue, 14 Apr 2026 07:00:00 GMT",2026-05-24 08:03:49,https://news.google.com/rss/search?q=site%3Aukbiobank.ac.uk+%28upcoming+OR+release+OR+schedule%29+%28data+release+OR+cohort+OR+genomic+OR+health+data%29&hl=en-GB&gl=GB&ceid=GB:en,2,0.5,30,1,0,dacf2cb9bc82bb450c0b5a4025506dfc,-40.0,14 Apr 2026,161.0
New Data Release on UKB-RAP: Olink Proteomics Data - community.ukbiobank.ac.uk,UK Biobank News,Biobanks,Registry,Release,2026-04-14 07:00:00,Published,https://news.google.com/rss/articles/CBMiwAFBVV95cUxPMEhzUUo1RmxVZlF6cUMzbE1HbjB5Q3RMVlBPOHlCUFFTc183My1pSnRQcUFyenZ2NHlCTHRzNVZsdTFJSXBHSUJOWTZwNFhxUWpMTHNVdG1BWWV3eDhNYktQUDNfdF9uenhLbHBRbV84Qnp3NmdzNnkyRzhGdWhYckFocG1hVW1ybW5Fc2FPX3ZtY3pLTnJEeHd2WkJiZTFsM1J2QWI5M2k2YktCWnhmSGw1NEU4STF5bkU3RlhvS1k?oc=5,Recently published. Timing: 40 day(s) ago. New Data Release on UKB-RAP: Olink Proteomics Data community.ukbiobank.ac.uk.,Biobanks & Registries,,85,0.88,0,0,0,Biobanks & Registries,"Tue, 14 Apr 2026 07:00:00 GMT",2026-05-24 08:03:49,https://news.google.com/rss/search?q=site%3Aukbiobank.ac.uk+%28upcoming+OR+release+OR+schedule%29+%28data+release+OR+cohort+OR+genomic+OR+health+data%29&hl=en-GB&gl=GB&ceid=GB:en,2,0.5,30,1,0,87c555653799dc0a45dcfdd4c272f63b,-40.0,14 Apr 2026,161.0
Fees - UK Biobank,UK Biobank News,Biobanks,Registry,Release,2026-04-14 07:00:00,Published,https://news.google.com/rss/articles/CBMiWkFVX3lxTE5FbjFsRzk3emlpTDUtaVktN1hweEJlS1RxZy1meDhvNFJxSlFkeF8zVzFoT3gxcnRFcUZhS09rQ0JfZzE5U0RnMWlQYzJleW1iaVdWc3VYQ3E3QQ?oc=5,Recently published. Timing: 38 day(s) ago. Fees UK Biobank.,Biobanks & Registries,,85,0.88,0,0,0,Biobanks & Registries,"Tue, 14 Apr 2026 07:00:00 GMT",2026-05-22 19:12:53,https://news.google.com/rss/search?q=site%3Aukbiobank.ac.uk+%28upcoming+OR+release+OR+schedule%29+%28data+release+OR+cohort+OR+genomic+OR+health+data%29&hl=en-GB&gl=GB&ceid=GB:en,2,0.5,30,1,0,464294322c051ff84bda9b93a05e8220,-40.0,14 Apr 2026,161.0
Past data releases - UK Biobank,UK Biobank News,Biobanks,Registry,Release,2026-04-14 07:00:00,Published,https://news.google.com/rss/articles/CBMijgFBVV95cUxOU3pMLTFpQ3U4dnl0dE9aNVZmeUd3SzZRdkJKVkFzUy0wWml4MF9Jelh1Nm1WX0lrY0EtbkU1c2oyZFJhQThrVldFRXZzNjBPck1pYXBwT0J1bUFyZkRIRUY3TnA3ZGF4NXRISWZmR252X2lJZFR1Z3gxTTlvbmhNRDMxQTl6ZEFmU0FVSlZ3?oc=5,Recently published. Timing: 36 day(s) ago. Past data releases UK Biobank.,Biobanks & Registries,,85,0.88,0,0,0,Biobanks & Registries,"Tue, 14 Apr 2026 07:00:00 GMT",2026-05-20 19:39:31,https://news.google.com/rss/search?q=site%3Aukbiobank.ac.uk+%28upcoming+OR+release+OR+schedule%29+%28data+release+OR+cohort+OR+genomic+OR+health+data%29&hl=en-GB&gl=GB&ceid=GB:en,2,0.5,30,1,0,beaf0fc2fbc66b5929fe926c232a3a7a,-40.0,14 Apr 2026,161.0
New Data Release on UKB-RAP: Olink Proteomics Data - UK Biobank,UK Biobank News,Biobanks,Registry,Release,2026-04-14 07:00:00,Published,https://news.google.com/rss/articles/CBMiwAFBVV95cUxPMEhzUUo1RmxVZlF6cUMzbE1HbjB5Q3RMVlBPOHlCUFFTc183My1pSnRQcUFyenZ2NHlCTHRzNVZsdTFJSXBHSUJOWTZwNFhxUWpMTHNVdG1BWWV3eDhNYktQUDNfdF9uenhLbHBRbV84Qnp3NmdzNnkyRzhGdWhYckFocG1hVW1ybW5Fc2FPX3ZtY3pLTnJEeHd2WkJiZTFsM1J2QWI5M2k2YktCWnhmSGw1NEU4STF5bkU3RlhvS1k?oc=5,Recently published. Timing: 36 day(s) ago. New Data Release on UKB-RAP: Olink Proteomics Data UK Biobank.,Biobanks & Registries,,85,0.88,0,0,0,Biobanks & Registries,"Tue, 14 Apr 2026 07:00:00 GMT",2026-05-20 19:39:31,https://news.google.com/rss/search?q=site%3Aukbiobank.ac.uk+%28upcoming+OR+release+OR+schedule%29+%28data+release+OR+cohort+OR+genomic+OR+health+data%29&hl=en-GB&gl=GB&ceid=GB:en,2,0.5,30,1,0,86a668f71f411ac53eaef80340238202,-40.0,14 Apr 2026,161.0
Families and households in the UK: 2025,ONS Upcoming Releases,UK Official,Official,Release,2026-04-16 17:01:00,Published,http://www.bing.com/news/apiclick.aspx?ref=FexRss&aid=&tid=69ea681870a2488cb42042cde9cddf65&url=https%3a%2f%2fwww.ons.gov.uk%2fpeoplepopulationandcommunity%2fbirthsdeathsandmarriages%2ffamilies%2fbulletins%2ffamiliesandhouseholds%2f2025&c=16843691073715430432&mkt=en-us,"Recently published. Timing: 7 day(s) ago. In 2025, there were 29.0 million households in the UK, 66.8% of which contained one family (a couple with or without children or a lone parent living with at least one child). Around 8.6 million .",Housing & Families,Population,82,0.88,0,0,0,"Housing & Families, Population","Thu, 16 Apr 2026 17:01:00 GMT",2026-04-23 18:42:32,https://www.bing.com/news/search?q=site%3Aons.gov.uk+%28upcoming+OR+release+OR+schedule%29+%28population+OR+census+OR+migration+OR+fertility%29&format=rss,2,0.5,35,1,0,f15377fb5460ee001c7a67625dda649a,-38.0,16 Apr 2026,161.0
Entry/Exit System (EES) is fully operational - Migration and Home Affairs,Eurostat Release Calendar,EU Official,Official,Release,2026-04-10 07:00:00,Published,https://news.google.com/rss/articles/CBMilgFBVV95cUxNb2pOMUI0R0VIU1dTbUVkdXAwVTUtak9pUkFzUXc0bTFyWGZXSHJiMW1pcF9BWWJpNTZwZTd1OW1uQWJZMm52MW9pU0Rrb25Mbno3c3NNSmRSSUZ2NWpma3MxaFcwNmhJckhORHhDY2hMbnl3cFdOUFhUelVHV0ZwVl9RSWhkSGZtdXgzZ1F0UnJiTDNzYVE?oc=5,Recently published. Timing: 12 day(s) ago. Entry/Exit System (EES) is fully operational Migration and Home Affairs.,Migration,Housing & Families,85,0.88,0,0,0,"Migration, Housing & Families","Fri, 10 Apr 2026 07:00:00 GMT",2026-04-22 18:38:49,https://news.google.com/rss/search?q=site%3Aec.europa.eu+%28upcoming+OR+release+OR+schedule%29+%28population+OR+demography+OR+migration+OR+asylum%29&hl=en-GB&gl=GB&ceid=GB:en,2,0.5,25,1,0,e2e7ab03fba1c984e181b686bd714a40,-44.0,10 Apr 2026,160.0
New Data Released From Household Trends and Outlook Pulse Survey - Census.gov,US Census Releases,US Official,Official,Release,2026-04-23 07:00:00,Published,https://news.google.com/rss/articles/CBMimgFBVV95cUxPN1Y3b0RQZXlqa1h4RFhKQ1AyMFUzN25jbG1tR19YVUpkekdBaXB4UGJBSG1KMWlDUnpxSGR4TXBlNzdLLVJSMWFQX2xKM3ZKbnlxSEtiTVhldHM0VG05SEJhWjlOaS1tUmE0VXRFaHBWVXptbmJPZDBlWGhDNVpsdU1YbndlNk1XZVhOUEMwaVJpNFVSMmVLMkp3?oc=5,Recently published. Timing: 29 day(s) ago. New Data Released From Household Trends and Outlook Pulse Survey Census.gov.,Population,,78,0.88,0,0,0,Population,"Thu, 23 Apr 2026 07:00:00 GMT",2026-05-22 19:12:51,https://news.google.com/rss/search?q=site%3Acensus.gov+%28upcoming+OR+release+OR+schedule%29+%28population+OR+census+OR+migration+OR+household%29&hl=en-GB&gl=GB&ceid=GB:en,2,0.5,45,0,0,d644782c59bb9abee3e69f8146026f41,-31.0,23 Apr 2026,160.0
"Business Trends and Outlook Survey Data Release — April 23, 2026 - Census.gov",US Census Releases,US Official,Official,Release,2026-04-23 07:00:00,Published,https://news.google.com/rss/articles/CBMid0FVX3lxTFBDcGlyejVLTERYSlJnSWN6anZQVkFPY3duMnc4T1hqNHdEUHR1RlRNMFVCMDJOaHY2bjNNdk0yeGo4b2doeDNPMkpYc2xteGduc0NPbnlBU1BnV1QwdExtS01iVGRkalFDNk8tMll2d1REejlqVjVB?oc=5,"Recently published. Timing: 24 day(s) ago. Business Trends and Outlook Survey Data Release — April 23, 2026 Census.gov.",Population,,78,0.88,0,0,0,Population,"Thu, 23 Apr 2026 07:00:00 GMT",2026-05-17 18:36:02,https://news.google.com/rss/search?q=site%3Acensus.gov+%28upcoming+OR+release+OR+schedule%29+%28population+OR+census+OR+migration+OR+household%29&hl=en-GB&gl=GB&ceid=GB:en,2,0.5,45,0,0,365705f5b82a16e62f2bace26e62ca24,-31.0,23 Apr 2026,160.0
Ministry of Data and Statistics News - sri.kostat.go.kr,KOSTAT South Korea,Korea Official,Official,Release,2026-03-27 22:44:03,Published,https://news.google.com/rss/articles/CBMijAFBVV95cUxQSkkwVy1TckF4dmdIUnNwbzRab2E4N2ZtVVNMREJqRmdWelllZlc0TW1jX1BtRDZBOWJOdE9LaEt3Uk11R3JwNnNWMzFOZFZiSHZjRVRFLURFMjQzVHIyeklSWEc1X2RNeXRpMjUxQVJINWdZa3gwcEFjcFRCR0ktQnZtLVpIYk4yY08tdg?oc=5,Recently published. Timing: 50 day(s) ago. Ministry of Data and Statistics News sri.kostat.go.kr.,General,,80,0.88,0,0,0,,"Fri, 27 Mar 2026 22:44:03 GMT",2026-05-16 07:32:02,https://news.google.com/rss/search?q=site%3Akostat.go.kr+%28upcoming+OR+release+OR+schedule%29+%28population+OR+demographic+OR+birth+OR+death%29&hl=en-GB&gl=GB&ceid=GB:en,2,0.5,15,1,0,e141485e6947c9fb27dd315c2adcd2bb,-58.0,27 Mar 2026,159.0
National population projections: 2024-based,ONS Upcoming Releases,UK Official,Official,Release,2026-04-28 01:42:00,Published,http://www.bing.com/news/apiclick.aspx?ref=FexRss&aid=&tid=69faf3f1b4354fab9d0d43c535ecef22&url=https%3a%2f%2fwww.ons.gov.uk%2fpeoplepopulationandcommunity%2fpopulationandmigration%2fpopulationprojections%2fbulletins%2fnationalpopulationprojections%2f2024based&c=4021290248279220822&mkt=en-us,"Recently published. Timing: 8 day(s) ago. The UK population is projected to reach 71 million by 2034. This is slower growth than our previous, 2022-based projections, which projected the UK population would reach 72.2 million by mid-2034.",Population,,82,0.88,0,0,0,Population,"Tue, 28 Apr 2026 01:42:00 GMT",2026-05-06 07:55:29,https://www.bing.com/news/search?q=site%3Aons.gov.uk+%28upcoming+OR+release+OR+schedule%29+%28population+OR+census+OR+migration+OR+fertility%29&format=rss,2,0.5,45,1,0,b846b6656376602622ec26ec32b6b315,-26.0,28 Apr 2026,159.0
National population projections - Office for National Statistics,ONS Upcoming Releases,UK Official,Official,Release,2026-04-28 07:00:00,Published,https://news.google.com/rss/articles/CBMi3wFBVV95cUxNV3JkODJPZld2VUVMSXQxZ1VwbjR4VGNib0pMLS1iYjdURWlMZG52bkNWTXppVUlERXB2R1BiMXJKbkdaTzFXT2pYN3dLUFdFeExVTWJsOXBTd0ZtWHZRRjVaY0YzUEZQSWNPcGRiM292UlhGWGptWU03c1VUMVRSbzJKcFJJcEY5aUw2OHdyQVU4N3RrWHVWQlpoNDNBTkZ4MUFIN3R6bjJ0ZTVHMUtDT3V6YlNpWHBaaTZyX19lZ2p5c0xvSGt5R2lrLUlTdFdxRUVTVWpqelFTOVhiVkhJ?oc=5,Recently published. Timing: 26 day(s) ago. National population projections Office for National Statistics.,Population,,82,0.88,0,0,0,Population,"Tue, 28 Apr 2026 07:00:00 GMT",2026-05-24 08:03:45,https://news.google.com/rss/search?q=site%3Aons.gov.uk+%28upcoming+OR+release+OR+schedule%29+%28population+OR+census+OR+migration+OR+fertility%29&hl=en-GB&gl=GB&ceid=GB:en,2,0.5,45,1,0,a69f51c1d2d44a352a17a6842eb0b03c,-26.0,28 Apr 2026,159.0
National population projections: 2024-based - Office for National Statistics,ONS Upcoming Releases,UK Official,Official,Release,2026-04-28 07:00:00,Published,https://news.google.com/rss/articles/CBMi3wFBVV95cUxNV3JkODJPZld2VUVMSXQxZ1VwbjR4VGNib0pMLS1iYjdURWlMZG52bkNWTXppVUlERXB2R1BiMXJKbkdaTzFXT2pYN3dLUFdFeExVTWJsOXBTd0ZtWHZRRjVaY0YzUEZQSWNPcGRiM292UlhGWGptWU03c1VUMVRSbzJKcFJJcEY5aUw2OHdyQVU4N3RrWHVWQlpoNDNBTkZ4MUFIN3R6bjJ0ZTVHMUtDT3V6YlNpWHBaaTZyX19lZ2p5c0xvSGt5R2lrLUlTdFdxRUVTVWpqelFTOVhiVkhJ?oc=5,Recently published. Timing: 24 day(s) ago. National population projections: 2024-based Office for National Statistics.,Population,,82,0.88,0,0,0,Population,"Tue, 28 Apr 2026 07:00:00 GMT",2026-05-22 19:12:47,https://news.google.com/rss/search?q=site%3Aons.gov.uk+%28upcoming+OR+release+OR+schedule%29+%28population+OR+census+OR+migration+OR+fertility%29&hl=en-GB&gl=GB&ceid=GB:en,2,0.5,45,1,0,5528467e1365fef53758c4cf02d86558,-26.0,28 Apr 2026,159.0
Households’ Income and Consumption Expenditure in the First Quarter of 2026,NBS China,China Official,Official,Release,2026-04-17 03:00:00,Published,http://www.bing.com/news/apiclick.aspx?ref=FexRss&aid=&tid=69f4f33fcdfa45cca2b2f3b59530965d&url=https%3a%2f%2fwww.stats.gov.cn%2fenglish%2f%2f%2fPressRelease%2f202604%2ft20260417_1963349.html&c=648555582925550666&mkt=en-us,"Recently published. Timing: 14 day(s) ago. Inthe first quarter of 2026, the nationwide per capita disposable income was 12,782 yuan, a nominal increase of 4.9% over the same period of the previous year, and a real increase of 4.0% after .",Population,Labour & Economy,80,0.88,0,0,0,"Population, Labour & Economy, Methods & Infrastructure","Fri, 17 Apr 2026 03:00:00 GMT",2026-05-01 18:38:56,https://www.bing.com/news/search?q=site%3Astats.gov.cn+%28upcoming+OR+release+OR+schedule%29+%28population+OR+demographic+OR+birth+OR+death%29&format=rss,2,0.5,35,1,0,798a3fdd02e6074e4978fb997772128b,-37.0,17 Apr 2026,158.0
Apply for access - UK Biobank,UK Biobank News,Biobanks,Registry,Release,2026-04-17 07:00:00,Published,https://news.google.com/rss/articles/CBMiakFVX3lxTE1IdXdpLXM5UUNZTk02T2xSMTFVQ25za2xpbkJRZ3RlNkh3d0ZYbVRUd1FMQTg5VkRDM2syMDl5VVFpWm5Sam9vRm41RDRvci1fbVhBRGZwcVZHaWdkQ1BuSWlua0ZBS05WMlE?oc=5,Recently published. Timing: 32 day(s) ago. Apply for access UK Biobank.,Biobanks & Registries,Methods & Infrastructure,85,0.88,0,0,0,"Biobanks & Registries, Methods & Infrastructure","Fri, 17 Apr 2026 07:00:00 GMT",2026-05-19 08:43:52,https://news.google.com/rss/search?q=site%3Aukbiobank.ac.uk+%28upcoming+OR+release+OR+schedule%29+%28data+release+OR+cohort+OR+genomic+OR+health+data%29&hl=en-GB&gl=GB&ceid=GB:en,2,0.5,30,1,0,44a13f392556f4add99c6280e81cf872,-37.0,17 Apr 2026,158.0
Commission on Population and Development - Economic and Social Council,UN Population Division,Global / UN,Signal,Release,2026-04-13 07:00:00,Published,https://news.google.com/rss/articles/CBMif0FVX3lxTE0wNHhvdEttNWN4VlZSSjdaRTZuMHFnSUlOeklKOWpVdWw2WUdFRTU5bUhpb19lUkp4MnI2azktUXZjZXlfNlhPMnVyeXczNnNkSF9zYkJmbFh4cHhjdGQwLUZTSGZGZU8tR1R0c3VLdl8tYUwyZzRKY1FyUHBoaDA?oc=5,Recently published. Timing: 41 day(s) ago. Commission on Population and Development Economic and Social Council.,Population,,80,0.88,0,0,0,Population,"Mon, 13 Apr 2026 07:00:00 GMT",2026-05-24 08:03:53,https://news.google.com/rss/search?q=site%3Aun.org+%28upcoming+OR+release+OR+schedule%29+%28population+OR+demographic+OR+migration+OR+fertility%29&hl=en-GB&gl=GB&ceid=GB:en,2,0.5,30,1,0,31d1bf3cc6970186d68542c89df81353,-41.0,13 Apr 2026,157.0
Labour market in the regions of the UK: April 2026,ONS Upcoming Releases,UK Official,Official,Release,2026-04-20 17:00:00,Published,http://www.bing.com/news/apiclick.aspx?ref=FexRss&aid=&tid=69f8edd946734dffbeea367695791e21&url=https%3a%2f%2fwww.ons.gov.uk%2femploymentandlabourmarket%2fpeopleinwork%2femploymentandemployeetypes%2fbulletins%2fregionallabourmarket%2flatest&c=13049953347278748867&mkt=en-us,"Recently published. Timing: 14 day(s) ago. Earnings and employment statistics from Pay As You Earn (PAYE) Real Time Information (RTI), UK, NUTS 1, 2 and 3 areas and local authorities, monthly, seasonally adjusted. All regional labour market .",Labour & Economy,,82,0.88,0,0,0,Labour & Economy,"Mon, 20 Apr 2026 17:00:00 GMT",2026-05-04 19:04:57,https://www.bing.com/news/search?q=site%3Aons.gov.uk+%28upcoming+OR+release+OR+schedule%29+%28population+OR+census+OR+migration+OR+fertility%29&format=rss,2,0.5,35,1,0,9af49ff207fe3951aa129291b89c9562,-34.0,20 Apr 2026,157.0
"Labour market overview, UK: April 2026",ONS Upcoming Releases,UK Official,Official,Release,2026-04-20 17:00:00,Published,http://www.bing.com/news/apiclick.aspx?ref=FexRss&aid=&tid=69f065a1d8fd449d8fefa16de2bd2109&url=https%3a%2f%2fwww.ons.gov.uk%2femploymentandlabourmarket%2fpeopleinwork%2femploymentandemployeetypes%2fbulletins%2fuklabourmarket%2fapril2026&c=16908877587165389853&mkt=en-us,"Recently published. Timing: 8 day(s) ago. Estimates for payrolled employees in the UK fell by 74,000 (0.2%) between February 2025 and February 2026, and decreased by 6,000 (0.0%) between January and February 2026. This is based on .",Labour & Economy,,82,0.88,0,0,0,Labour & Economy,"Mon, 20 Apr 2026 17:00:00 GMT",2026-04-28 07:45:38,https://www.bing.com/news/search?q=site%3Aons.gov.uk+%28upcoming+OR+release+OR+schedule%29+%28population+OR+census+OR+migration+OR+fertility%29&format=rss,2,0.5,35,1,0,55a4253c2c6b94acf4f06b8fd0a2a78c,-34.0,20 Apr 2026,157.0
Projected Population of Scotland: 2024-based - National Records of Scotland,NRS Scotland,UK Official,Official,Release,2026-04-28 07:00:00,Published,https://news.google.com/rss/articles/CBMikAFBVV95cUxQN3NPaGhMUGxFSU1HeDF2Nno5Yl9XQUJkWUdMOUJOS21RelZkc3d5ZDBBWXkzMkx0WmE5Z3JlVUJ1WVNhMnBSejhjQm9GNF9yVE5LZWZPMWVDZW9jaExjUlJ5dUZ4bnhLZEk1blQ3S2IwY2hvQlZGczlYVm1KNmtrbnJuRmZqMWRyQWhOd1p2cG4?oc=5,Recently published. Timing: 26 day(s) ago. Projected Population of Scotland: 2024-based National Records of Scotland.,Population,,80,0.88,0,0,0,Population,"Tue, 28 Apr 2026 07:00:00 GMT",2026-05-24 08:03:53,https://news.google.com/rss/search?q=site%3Anrscotland.gov.uk+%28upcoming+OR+release+OR+schedule%29+%28population+OR+birth+OR+death+OR+migration%29&hl=en-GB&gl=GB&ceid=GB:en,2,0.5,45,1,0,d644429d58be182e1e64c4e51d0a10d6,-26.0,28 Apr 2026,157.0
Population estimates for England and Wales: mid-2024,ONS Upcoming Releases,UK Official,Official,Release,2026-04-30 00:08:00,Published,http://www.bing.com/news/apiclick.aspx?ref=FexRss&aid=&tid=6a02e01a18cf4db6a0368450dbb75268&url=https%3a%2f%2fwww.ons.gov.uk%2freleases%2fpopulationestimatesforenglandandwalesmid2024&c=15660009999141319382&mkt=en-us,Recently published. Timing: 12 day(s) ago. Cookies are small files stored on your device when you visit a website. We use some essential cookies to make this website work. We would like to set additional cookies to remember your settings and .,Population,,82,0.88,0,0,0,Population,"Thu, 30 Apr 2026 00:08:00 GMT",2026-05-12 08:08:58,https://www.bing.com/news/search?q=site%3Aons.gov.uk+%28upcoming+OR+release+OR+schedule%29+%28population+OR+census+OR+migration+OR+fertility%29&format=rss,2,0.5,45,1,0,6bc93ae9b2af0ff41502dbcd53c6c77a,-24.0,30 Apr 2026,157.0
Employment in the UK: April 2026,ONS Upcoming Releases,UK Official,Official,Release,2026-04-21 01:15:00,Published,http://www.bing.com/news/apiclick.aspx?ref=FexRss&aid=&tid=69f99cce983b42dbbdae14242a79d1f8&url=https%3a%2f%2fwww.ons.gov.uk%2femploymentandlabourmarket%2fpeopleinwork%2femploymentandemployeetypes%2fbulletins%2femploymentintheuk%2fapril2026&c=11577644723398074508&mkt=en-us,"Recently published. Timing: 14 day(s) ago. The estimated UK employment rate decreased by 0.1 percentage points to 75.0%, the UK unemployment rate decreased by 0.2 percentage points to 4.9%, and the UK economic inactivity rate increased by 0.2 .",Labour & Economy,,82,0.88,0,0,0,Labour & Economy,"Tue, 21 Apr 2026 01:15:00 GMT",2026-05-05 07:31:27,https://www.bing.com/news/search?q=site%3Aons.gov.uk+%28upcoming+OR+release+OR+schedule%29+%28population+OR+census+OR+migration+OR+fertility%29&format=rss,2,0.5,35,1,0,7aec765fa639a1de153f77af01045a0f,-33.0,21 Apr 2026,156.0
Labour market in the regions of the UK: April 2026 - Office for National Statistics,ONS Upcoming Releases,UK Official,Official,Release,2026-04-21 06:26:39,Published,https://news.google.com/rss/articles/CBMiyAFBVV95cUxPZUlsd0RVOF82czgxQ0ViLWtoVS10dUNxek10NzRwTWVmZGRVYmMwS1pMSDB0MGhLUklTYzVKS0wyazJMUV9FWmE0aExiOXBRSWlPY3lFVmZKdmNKNHVDVzlXbUhSTzhhMjdrLWltQXNYcXRBVzE3V1hpSW1UX3BnM1JBV05GYy1kOXV4eGtqalRkeV84LVdIdU53XzRSM1h6X3JHZDQxNE5SRWhTY2RiaWhycDN2UXBuRFA1bkVFeTBmbUNQdWJ1Wg?oc=5,Recently published. Timing: 13 day(s) ago. Labour market in the regions of the UK: April 2026 Office for National Statistics.,Labour & Economy,,82,0.88,0,0,0,Labour & Economy,"Tue, 21 Apr 2026 06:26:39 GMT",2026-05-04 19:04:50,https://news.google.com/rss/search?q=site%3Aons.gov.uk+%28upcoming+OR+release+OR+schedule%29+%28population+OR+census+OR+migration+OR+fertility%29&hl=en-GB&gl=GB&ceid=GB:en,2,0.5,35,1,0,e8d380cc2c62f08ae7aacffc5c83943d,-33.0,21 Apr 2026,156.0
Employment in the UK - Office for National Statistics,ONS Upcoming Releases,UK Official,Official,Release,2026-04-21 06:31:49,Published,https://news.google.com/rss/articles/CBMixAFBVV95cUxQR09vTldsVXFMQ0liTENQNnJBRFZ6b0pMbEVIeC1mWGJGT2RWQ2FYWFJSd08wdGF2RUhoY2NPRkNsYzd5QTRmekFYZ1N3ZWV2UG9QWjJaWm9XYW1Pclk3VGNSLV8tSDBLZTFCMWtHWi1INXdlRjFmb2JvV0RGcUFrT3NQWUI2d2dhVV90Yy1jYnVaNklqZDFlRUtCaUdyY0ExTnJOaFVyaVlMLXd6MXBTZHpLWHBsLWZpMHNpYXkxT2R6M1dD?oc=5,Recently published. Timing: 6 day(s) ago. Employment in the UK Office for National Statistics.,Labour & Economy,,82,0.88,0,0,0,Labour & Economy,"Tue, 21 Apr 2026 06:31:49 GMT",2026-04-27 07:54:27,https://news.google.com/rss/search?q=site%3Aons.gov.uk+%28upcoming+OR+release+OR+schedule%29+%28population+OR+census+OR+migration+OR+fertility%29&hl=en-GB&gl=GB&ceid=GB:en,2,0.5,35,1,0,8bee9aae27730fd9646cc225bafa04fc,-33.0,21 Apr 2026,156.0
Employment in the UK: April 2026 - Office for National Statistics,ONS Upcoming Releases,UK Official,Official,Release,2026-04-21 07:00:00,Published,https://news.google.com/rss/articles/CBMixAFBVV95cUxQR09vTldsVXFMQ0liTENQNnJBRFZ6b0pMbEVIeC1mWGJGT2RWQ2FYWFJSd08wdGF2RUhoY2NPRkNsYzd5QTRmekFYZ1N3ZWV2UG9QWjJaWm9XYW1Pclk3VGNSLV8tSDBLZTFCMWtHWi1INXdlRjFmb2JvV0RGcUFrT3NQWUI2d2dhVV90Yy1jYnVaNklqZDFlRUtCaUdyY0ExTnJOaFVyaVlMLXd6MXBTZHpLWHBsLWZpMHNpYXkxT2R6M1dD?oc=5,Recently published. Timing: 12 day(s) ago. Employment in the UK: April 2026 Office for National Statistics.,Labour & Economy,,82,0.88,0,0,0,Labour & Economy,"Tue, 21 Apr 2026 07:00:00 GMT",2026-05-03 07:29:54,https://news.google.com/rss/search?q=site%3Aons.gov.uk+%28upcoming+OR+release+OR+schedule%29+%28population+OR+census+OR+migration+OR+fertility%29&hl=en-GB&gl=GB&ceid=GB:en,2,0.5,35,1,0,27cbbbbff58dfe60a40308c3310ce7aa,-33.0,21 Apr 2026,156.0
"Labour market overview, UK: April 2026 - Office for National Statistics",ONS Upcoming Releases,UK Official,Official,Release,2026-04-21 07:00:00,Published,https://news.google.com/rss/articles/CBMiwAFBVV95cUxPVHdqNE1kNWZnNVpxMURTWUtGc1hQRGNRME5JamJyenptODlDZ29iWmQyVTVKNHdkTkZGQVZpbU9JU0VScmJuYVR4emtOUDdjNTh4eHJ4RFdlM0pmMW5zLS1nMEhLUXM2RDdNYkZEY2t0ZWdVMUtlM3k5djFDZTd5bGJ0Ui00Njg1ZzgydFcyRjFmb2h0VEljaU9qQWZTNk5HeFU1cUNRNEtpTlg0eklucmxxenNod291SklwVDNnRk8?oc=5,"Recently published. Timing: 9 day(s) ago. Labour market overview, UK: April 2026 Office for National Statistics.",Labour & Economy,,82,0.88,0,0,0,Labour & Economy,"Tue, 21 Apr 2026 07:00:00 GMT",2026-04-30 07:42:38,https://news.google.com/rss/search?q=site%3Aons.gov.uk+%28upcoming+OR+release+OR+schedule%29+%28population+OR+census+OR+migration+OR+fertility%29&hl=en-GB&gl=GB&ceid=GB:en,2,0.5,35,1,0,f1190fed301d4cc6eda0f40503cf2b0f,-33.0,21 Apr 2026,156.0
Asylum applications in January 2026 - European Commission,Eurostat Release Calendar,EU Official,Official,Release,2026-04-15 07:00:00,Published,https://news.google.com/rss/articles/CBMifkFVX3lxTE02blAxUWxKV0RLcFVsODc1SUl5cUhWUUR4U3REZUxqbHE2VFVGSzhFMnBueTV1bEN5YkZjUDUwRnNrRk5SNzJKUEFuNWNLUTBmcWxSY3p4Z1VESG50RkxCeDkzTFljUmoxWGprTjdlMWUwaG51U1phTXNWSFVlQQ?oc=5,Recently published. Timing: 39 day(s) ago. Asylum applications in January 2026 European Commission.,Migration,,85,0.88,0,0,0,Migration,"Wed, 15 Apr 2026 07:00:00 GMT",2026-05-24 08:03:51,https://news.google.com/rss/search?q=site%3Aec.europa.eu+%28upcoming+OR+release+OR+schedule%29+%28population+OR+demography+OR+migration+OR+asylum%29&hl=en-GB&gl=GB&ceid=GB:en,2,0.5,25,1,0,9e4d3aded595f31fc493f7db1e16736a,-39.0,15 Apr 2026,155.0
"Private rent and house prices, UK: April 2026 - Office for National Statistics",ONS Upcoming Releases,UK Official,Official,Release,2026-04-22 07:00:00,Published,https://news.google.com/rss/articles/CBMipgFBVV95cUxOZ1JsZzFmcGVwakZSS0Q4bUZxSFZoOUFfNDc1MFlwYVRtMGxsejBWblU2d20yR3ZpRHlmSTBVMm55SU5jSlpJZWFhSS1iNkt1eGZfYkFPemJwcWlNZmg2eWQ2aEZvTGx5dDd3UTNhZ1hIakItSVhSRF9yTzdKRUpqNnBSc2pOU3RfT3NadlZrUnEySzJ2ZHAtMjlGaVgtc3JjTURyVHJB?oc=5,"Recently published. Timing: 11 day(s) ago. Private rent and house prices, UK: April 2026 Office for National Statistics.",Housing & Families,,82,0.88,0,0,0,Housing & Families,"Wed, 22 Apr 2026 07:00:00 GMT",2026-05-03 07:29:53,https://news.google.com/rss/search?q=site%3Aons.gov.uk+%28upcoming+OR+release+OR+schedule%29+%28population+OR+census+OR+migration+OR+fertility%29&hl=en-GB&gl=GB&ceid=GB:en,2,0.5,35,1,0,5d7fdb4ea90747321a47e4cdfcebb8ef,-32.0,22 Apr 2026,155.0
Experiences of NHS healthcare services in England: September 2025,ONS Upcoming Releases,UK Official,Official,Release,2026-04-22 16:59:00,Published,http://www.bing.com/news/apiclick.aspx?ref=FexRss&aid=&tid=69fd8b85d4f44129a3dfc8b9e312c315&url=https%3a%2f%2fwww.ons.gov.uk%2fpeoplepopulationandcommunity%2fhealthandsocialcare%2fhealthcaresystem%2fbulletins%2fexperiencesofnhshealthcareservicesinengland%2fseptember2025&c=15648882533507210525&mkt=en-us,Recently published. Timing: 16 day(s) ago. Self-reported data from the Health Insight Survey collected between 22 July 2025 and 13 August 2025 (Wave 14) show the following. 73% of adults who had tried to contact their GP practice in the last .,Mortality & Health,,82,0.88,0,0,0,Mortality & Health,"Wed, 22 Apr 2026 16:59:00 GMT",2026-05-08 07:06:46,https://www.bing.com/news/search?q=site%3Aons.gov.uk+%28upcoming+OR+release+OR+schedule%29+%28population+OR+census+OR+migration+OR+fertility%29&format=rss,2,0.5,35,1,0,17f3d08b01d75975a14a8189a7bb5239,-32.0,22 Apr 2026,155.0
Census Bureau Embargoes 2025 Population and Housing Unit Estimates - Census.gov,US Census Releases,US Official,Official,Release,2026-04-28 07:00:00,Published,https://news.google.com/rss/articles/CBMikAFBVV95cUxNZFFPMGlpNkRMdzJpNW9JT1lmVUowN0dtajNHa2JkNUpzcG1WNkxDNUJvaW5wcHluSzRWXzFhUGFmeV90aHk4QW9TcThMOHd0R25Fek5idjRjNng4QTYxckdsNXV5YUpYRUVqTExRZTVYWDRuaWZDTzFIWHNKWFlXQW82Um81S1lDTjFZOXplanU?oc=5,Recently published. Timing: 25 day(s) ago. Census Bureau Embargoes 2025 Population and Housing Unit Estimates Census.gov.,Population,Housing & Families,78,0.88,0,0,0,"Population, Housing & Families","Tue, 28 Apr 2026 07:00:00 GMT",2026-05-23 18:33:54,https://news.google.com/rss/search?q=site%3Acensus.gov+%28upcoming+OR+release+OR+schedule%29+%28population+OR+census+OR+migration+OR+household%29&hl=en-GB&gl=GB&ceid=GB:en,2,0.5,45,0,0,0d654c110bf366fb19f5aabfa1aa9f01,-26.0,28 Apr 2026,155.0
Monthly Advance Report on Durable Goods Manufacturers' Shipments Inventories and Orders - Press Releases - Census.gov,US Census Releases,US Official,Official,Release,2026-04-29 07:00:00,Published,https://news.google.com/rss/articles/CBMib0FVX3lxTE1sbHVicDRtMVlmQUdPcWJKMll6bWtGZnR0ajZmZ1FDTFdDQ29TazFXVUpiU3V6NGdINWk2UDNvdEZ5M1poUjU0Sy1wS0VzMWR4YUZtLXA0RkVlamJ0TEdkWVdfR3lqcXdwNHV1TGd2TQ?oc=5,Recently published. Timing: 19 day(s) ago. Monthly Advance Report on Durable Goods Manufacturers' Shipments Inventories and Orders - Press Releases Census.gov.,Population,,78,0.88,0,0,0,Population,"Wed, 29 Apr 2026 07:00:00 GMT",2026-05-18 19:12:14,https://news.google.com/rss/search?q=site%3Acensus.gov+%28upcoming+OR+release+OR+schedule%29+%28population+OR+census+OR+migration+OR+household%29&hl=en-GB&gl=GB&ceid=GB:en,2,0.5,45,0,0,25b8a58197119307d09c220c469192ba,-25.0,29 Apr 2026,154.0
"Internal Migration in March 2026 □ The number of internal migrants was 609 thousand persons in March 2026, which.. 2026-04-22",KOSTAT South Korea,Korea Official,Official,Release,2026-04-22 00:00:00,Published,https://kostat.go.kr/board.es?mid=a20101000000&bid=11744&list_no=444793&act=view&mainXml=Y,Recently published. Timing: 11 day(s) ago.,Migration,,80,0.78,0,0,0,Migration,2026-04-22,2026-05-03 07:29:55,https://kostat.go.kr/anse/,0,0.789,25,1,0,38c46110d0b8705e75ae7f20d6648969,-32.0,22 Apr 2026,153.0
Economically Active Population Survey in April 2026 [Economically active population and labor force participation rate] ◦ The econo.. 2026-05-13,KOSTAT South Korea,Korea Official,Official,Release,2026-05-13 00:00:00,Published,https://kostat.go.kr/board.es?mid=a20101000000&bid=11732&list_no=445094&act=view&mainXml=Y,Recently published. Timing: 10 day(s) ago.,Population,Labour & Economy,80,0.78,0,0,0,"Population, Labour & Economy",2026-05-13,2026-05-23 07:54:52,https://kostat.go.kr/anse/,0,0.838,45,1,0,e98e27554bc156ba59d46526f725ecb0,-11.0,13 May 2026,153.0
MIDDLE EAST LIVE 19 March: Civilians bear the brunt as strikes and displacement rise - Welcome to the United Nations,UN Population Division,Global / UN,Signal,Release,2026-03-19 07:45:14,Published,https://news.google.com/rss/articles/CBMiV0FVX3lxTE9Rc2tuR1YyeVBVbkJXS1c4MUpzc0dpcS1GUy1CNnJkcWlQSmFvSXFNX1BHdFJjQmZ4UnFMQmxtNW5ycTdvSWtJTE91SEtacGlkZy10R1RkYw?oc=5,Recently published. Timing: 4 day(s) ago. MIDDLE EAST LIVE 19 March: Civilians bear the brunt as strikes and displacement rise Welcome to the United Nations.,General,,80,0.88,0,0,0,,"Thu, 19 Mar 2026 07:45:14 GMT",2026-03-23 06:47:53,https://news.google.com/rss/search?q=site%3Aun.org+%28upcoming+OR+release+OR+schedule%29+%28population+OR+demographic+OR+migration+OR+fertility%29&hl=en-GB&gl=GB&ceid=GB:en,2,0.5,0,1,0,6c61d4fb2b27b6b3db20ac12ca33a2a1,-66.0,19 Mar 2026,152.0
"Tip Sheet Number 9 — May 1, 2026 - Census.gov",US Census Releases,US Official,Official,Release,2026-05-01 04:00:00,Published,https://news.google.com/rss/articles/CBMibEFVX3lxTE1ES3dYU2N3NjY3WkVWWmttb2JMSU1OYmZMQ3IycXcwMzZnaldZUEM0LThCTnJ4NEM0QjJnbEh3b3gyOXphRC1JSFJwVzZPYXFhWGh0NDNDWGFILTJIdFhLMVVWdnVhSmVEeEo0Xw?oc=5,"Recently published. Timing: 2 day(s) ago. Tip Sheet Number 9 — May 1, 2026 Census.gov.",Population,,78,0.88,0,0,0,Population,"Fri, 01 May 2026 04:00:00 GMT",2026-05-03 18:11:10,https://news.google.com/rss/search?q=site%3Acensus.gov+%28upcoming+OR+release+OR+schedule%29+%28population+OR+census+OR+migration+OR+household%29&hl=en-GB&gl=GB&ceid=GB:en,2,0.5,45,0,0,1d537ab76571e83b12aff5e9522a7cf2,-23.0,01 May 2026,152.0
Census Bureau Asks Select Households to Respond Now to the 2026 Census Test - Census.gov,US Census Releases,US Official,Official,Release,2026-05-01 07:00:00,Published,https://news.google.com/rss/articles/CBMikgFBVV95cUxNcklkUzljZWxiVjhtdEQzeXY4bjI3UDgxVVRXeXRpeWxyUlZlcGJ4cWNEeThQYW1Ka2RfVnRJS0pzcWd4d2NRQmtqRmFybFNDSFQ2SW8tdFNrM3V4bHd1cnNwa2NvNEpvSzV2ZWIwRDdjWW9UMlI4TXJvNDh6cUhHYmx5Y1l4V28xaE9yNU4wX2FXZw?oc=5,Recently published. Timing: 10 day(s) ago. Census Bureau Asks Select Households to Respond Now to the 2026 Census Test Census.gov.,Population,,78,0.88,0,0,0,Population,"Fri, 01 May 2026 07:00:00 GMT",2026-05-11 19:17:55,https://news.google.com/rss/search?q=site%3Acensus.gov+%28upcoming+OR+release+OR+schedule%29+%28population+OR+census+OR+migration+OR+household%29&hl=en-GB&gl=GB&ceid=GB:en,2,0.5,45,0,0,c3d9890403def6d58c89705167522bbe,-23.0,01 May 2026,152.0
2030 Census Press Kit - Census.gov,US Census Releases,US Official,Official,Release,2026-05-01 07:00:00,Published,https://news.google.com/rss/articles/CBMif0FVX3lxTE0yc3FXNmJMVEFoNkJtdDQ3ZmxQeXJ3U25OT2x3SklJZVk0S0QzMF9YVlAxTENxYnhJel9ua2tUVjByRzZXa0lvcEMzdkh5dkc5ZUUtMTluMWY2VFpTQ0tpdW1VXzVqaHZQSTJLS0puZHRxSDcxQ0VIVEVYY2JXd3M?oc=5,Recently published. Timing: 10 day(s) ago. 2030 Census Press Kit Census.gov.,Population,,78,0.88,0,0,0,Population,"Fri, 01 May 2026 07:00:00 GMT",2026-05-11 19:17:56,https://news.google.com/rss/search?q=site%3Acensus.gov+%28upcoming+OR+release+OR+schedule%29+%28population+OR+census+OR+migration+OR+household%29&hl=en-GB&gl=GB&ceid=GB:en,2,0.5,45,0,0,ab5f68d96b17d478c1822292497ab92d,-23.0,01 May 2026,152.0
2019-21 India National Family Health Survey [FR375] - The DHS Program,DHS Program News,Global / UN,Signal,Release,2026-04-05 12:38:12,Published,https://news.google.com/rss/articles/CBMidEFVX3lxTE92bElUQUIzNjJmY3Q3SVRZdktSeWRZM0dkY1hoMXpya0NZWWx4MTdZWTJ1YUh4V01CSHl5cU01TDFzZzdFMFY2TG1QblBrTU5iUEVla3Nvc1lUcHlUM3BhRGRUTDREbVVNbEZhUmpBdlA3QjQx?oc=5,Recently published. Timing: 47 day(s) ago. 2019-21 India National Family Health Survey [FR375] The DHS Program.,Mortality & Health,Housing & Families,75,0.88,0,0,0,"Mortality & Health, Housing & Families","Sun, 05 Apr 2026 12:38:12 GMT",2026-05-22 19:12:54,https://news.google.com/rss/search?q=site%3Adhsprogram.com+%28upcoming+OR+release+OR+schedule%29+%28survey+OR+demographic+OR+population+OR+health%29&hl=en-GB&gl=GB&ceid=GB:en,2,0.5,20,0,0,2d7e5b824bff07361ecca6aebd4f4574,-49.0,05 Apr 2026,150.0
Euro area unemployment at 6.2% - European Commission,Eurostat Release Calendar,EU Official,Official,Release,2026-04-30 07:00:00,Published,https://news.google.com/rss/articles/CBMif0FVX3lxTE44NEFkY2hqU2lXLWlhbGJlMjNmMlN3WmlHSFY0dElaNTR4RHg5X29OaGN2X3lCZE1WQkpGVUMyZkZKY2d2S2xzTnVubzhMWTZFLUFxTmlHY1JoaFNMYjgwbkJwdnpLN0dLQzBZT3VMczd0Mjg3T1BaSEFnOEN0Y0k?oc=5,Recently published. Timing: 9 day(s) ago. Euro area unemployment at 6.2% European Commission.,Labour & Economy,,85,0.88,0,0,0,Labour & Economy,"Thu, 30 Apr 2026 07:00:00 GMT",2026-05-09 07:25:50,https://news.google.com/rss/search?q=site%3Aec.europa.eu+%28upcoming+OR+release+OR+schedule%29+%28population+OR+demography+OR+migration+OR+asylum%29&hl=en-GB&gl=GB&ceid=GB:en,2,0.5,35,1,0,5e75227ba8672ffd52cf8eb9dcde6347,-24.0,30 Apr 2026,150.0
"MONTHLY ADVANCE REPORT ON DURABLE GOODS MANUFACTURERS’ SHIPMENTS, INVENTORIES AND ORDERS MARCH 2026 - Census.gov",US Census Releases,US Official,Official,Release,2026-05-04 07:00:00,Published,https://news.google.com/rss/articles/CBMiaEFVX3lxTE5GSExiY3BWdmZMMWJuWVQ5TFhsNVVod2F4NVBmc05SSjZYQkFBQ3pDaWJkaVZwZGpzLVhHSnQ1M1ZhUHVmZUEwZzJvRWtnaWhzS0hkZmxxOFhZRDM3UjJrX0wwWVdUNHIx?oc=5,"Recently published. Timing: 20 day(s) ago. MONTHLY ADVANCE REPORT ON DURABLE GOODS MANUFACTURERS’ SHIPMENTS, INVENTORIES AND ORDERS MARCH 2026 Census.gov.",Population,,78,0.88,0,0,0,Population,"Mon, 04 May 2026 07:00:00 GMT",2026-05-24 08:03:49,https://news.google.com/rss/search?q=site%3Acensus.gov+%28upcoming+OR+release+OR+schedule%29+%28population+OR+census+OR+migration+OR+household%29&hl=en-GB&gl=GB&ceid=GB:en,2,0.5,45,0,0,c9e8e0cf3a6b23b29bb5bcd20053da36,-20.0,04 May 2026,149.0
"Ward data, England and Wales: Census 2021",ONS Upcoming Releases,UK Official,Official,Release,2026-05-08 06:21:00,Published,http://www.bing.com/news/apiclick.aspx?ref=FexRss&aid=&tid=6a061fe2c4b04815aa0ed592e62ad87d&url=https%3a%2f%2fwww.ons.gov.uk%2freleases%2fwarddataenglandandwalescensus2021&c=8803211316893629133&mkt=en-us,Recently published. Timing: 6 day(s) ago. Cookies are small files stored on your device when you visit a website. We use some essential cookies to make this website work. We would like to set additional cookies to remember your settings and .,Population,,82,0.88,0,0,0,Population,"Fri, 08 May 2026 06:21:00 GMT",2026-05-14 19:17:55,https://www.bing.com/news/search?q=site%3Aons.gov.uk+%28upcoming+OR+release+OR+schedule%29+%28population+OR+census+OR+migration+OR+fertility%29&format=rss,2,0.5,45,1,0,395a1f76ff767e25c4306d8537698d62,-16.0,08 May 2026,149.0
Protecting the data - UK Biobank,UK Biobank News,Biobanks,Registry,Release,2026-04-27 14:25:34,Published,https://news.google.com/rss/articles/CBMicEFVX3lxTFBOU0d6dDMzTFZIV0NiR1VMWm0zX0hOc0RKODcwQlRHSjIwR05oWmxMVUJCTG45ZXRVRVhXYXJiQ05OandXTW83cTByeDlmR29vTy1tOFczV0JtUTlfZWY2RGVtYW94ZENmdDV6YlE3NmM?oc=5,Recently published. Timing: 9 day(s) ago. Protecting the data UK Biobank.,Biobanks & Registries,,85,0.88,0,0,0,Biobanks & Registries,"Mon, 27 Apr 2026 14:25:34 GMT",2026-05-06 19:10:24,https://news.google.com/rss/search?q=site%3Aukbiobank.ac.uk+%28upcoming+OR+release+OR+schedule%29+%28data+release+OR+cohort+OR+genomic+OR+health+data%29&hl=en-GB&gl=GB&ceid=GB:en,2,0.5,30,1,0,d0b0976fcc93055b932320858efe3101,-27.0,27 Apr 2026,148.0
"Healthcare expenditure, UK Health Accounts: 2024 and 2025 - Office for National Statistics",ONS Upcoming Releases,UK Official,Official,Release,2026-04-29 08:53:21,Published,https://news.google.com/rss/articles/CBMixgFBVV95cUxPTzRaLW5XWWZvdS1CMHZ0WkFJTnNVV2VVT2tvcFhlQzZPRDY2VVZqUTFmU0dHQVZnSUxSSTcxMExneU5la19YQnZQekxydXhBQVB6eVB6enU3eFd3bXBDblVDLWd2Mmd1OEdVQmFLdFhFZlZlRUNhNDZiZHlJRl9hVmpDLW1TZXFBNXo0ekdYMTNuVWlWWktJRzVsbzFhZWhyU3hCRVNyeFgwMExRMjNva3QwcFdjSmxGUnp5dUtsM2hDdS1kX1E?oc=5,"Recently published. Timing: 9 day(s) ago. Healthcare expenditure, UK Health Accounts: 2024 and 2025 Office for National Statistics.",Mortality & Health,,82,0.88,0,0,0,Mortality & Health,"Wed, 29 Apr 2026 08:53:21 GMT",2026-05-08 07:06:39,https://news.google.com/rss/search?q=site%3Aons.gov.uk+%28upcoming+OR+release+OR+schedule%29+%28population+OR+census+OR+migration+OR+fertility%29&hl=en-GB&gl=GB&ceid=GB:en,2,0.5,35,1,0,8cbccca4f8adb1713464d0652bab54cb,-25.0,29 Apr 2026,148.0
New Residential Sales Press Release - Census.gov,US Census Releases,US Official,Official,Release,2026-05-05 07:00:00,Published,https://news.google.com/rss/articles/CBMiakFVX3lxTE5xb0JKSkY1clZPSnF0SGlzVG1UV2F4RnZGV1ZNWXRPb2I0bEhOX1JtV0c2RUVPRHJzUjRxSEpYZEFIS3BRbVc3LUJWeUNNOXNKR0ZFSzN2SENKekplQ0NlMnRtOUNja1NWWVE?oc=5,Recently published. Timing: 18 day(s) ago. New Residential Sales Press Release Census.gov.,Population,,78,0.88,0,0,0,Population,"Tue, 05 May 2026 07:00:00 GMT",2026-05-23 18:33:55,https://news.google.com/rss/search?q=site%3Acensus.gov+%28upcoming+OR+release+OR+schedule%29+%28population+OR+census+OR+migration+OR+household%29&hl=en-GB&gl=GB&ceid=GB:en,2,0.5,45,0,0,586e31622d56bd04f128d46b82b61093,-19.0,05 May 2026,148.0
Noon briefing of 25 March 2026,UN Population Division,Global / UN,Signal,Release,2026-03-24 17:00:00,Published,http://www.bing.com/news/apiclick.aspx?ref=FexRss&aid=&tid=69dbde17ae754fe8ac5419d176651c4d&url=https%3a%2f%2fwww.un.org%2fsg%2fen%2fcontent%2fhighlight%2f2026-03-25.html&c=14216037426319295833&mkt=en-us,"Recently published. Timing: 19 day(s) ago. And I can tell you that nowhere is this more evident than in Yemen, where 73 of our colleagues remain arbitrarily detained by the Houthi de facto authorities, some for over five years. One colleague .",General,,80,0.88,0,0,0,,"Tue, 24 Mar 2026 17:00:00 GMT",2026-04-12 18:02:00,https://www.bing.com/news/search?q=site%3Aun.org+%28upcoming+OR+release+OR+schedule%29+%28population+OR+demographic+OR+migration+OR+fertility%29&format=rss,2,0.5,0,1,0,81edfbca6141e5b367ddf53e51beaa76,-61.0,24 Mar 2026,147.0
Asylum decisions down by 18% in 2025 - European Commission,Eurostat Release Calendar,EU Official,Official,Release,2026-04-24 09:04:34,Published,https://news.google.com/rss/articles/CBMifkFVX3lxTE9xQUtTT3Y2dll5akszR3d5Xy1hVnQxOEg3M2h6ZU53OVE5ZU1zeUswQlNZM3JTNDFnQ2RYdW5tZUtLWGVrWXloMDR3T0ItVnZCXzU3S3pDUllDTl9acDFPN09GbERHUGgxTE91dnJJTFB3VzNoRk1PMF9jVEZ3Zw?oc=5,Recently published. Timing: 8 day(s) ago. Asylum decisions down by 18% in 2025 European Commission.,Migration,,85,0.88,0,0,0,Migration,"Fri, 24 Apr 2026 09:04:34 GMT",2026-05-02 07:13:03,https://news.google.com/rss/search?q=site%3Aec.europa.eu+%28upcoming+OR+release+OR+schedule%29+%28population+OR+demography+OR+migration+OR+asylum%29&hl=en-GB&gl=GB&ceid=GB:en,2,0.5,25,1,0,0762d4a30d8897f8c4d434b8a31cf36a,-30.0,24 Apr 2026,146.0
Sickness absence in the UK labour market: 2025 - Office for National Statistics,ONS Upcoming Releases,UK Official,Official,Release,2026-05-01 10:11:12,Published,https://news.google.com/rss/articles/CBMixgFBVV95cUxNaEpkYXN1UnZwRnhkUTFSc2tWR25lS3pCZHhCeUY4Mm95N1lidHdaa09OaFlDbU5DRTdLcWluQmdyNHMzLTVNZDhVckk1SmM3M2NPTmxXMnQ3TmtVeC1aZ1hXY3Z5dFlFOEZWaDR1VmZjSTZFZERPN0hlbU5YVG9MNTh2N3NMTTJjaEF5WXZBSGVUQnM0NURBamo0N0JmeURQa0wwSkwzM0xwNFlSeUFwYURkdlVSMkpfaGxpRm94UGxrbnQtSGc?oc=5,Recently published. Timing: 9 day(s) ago. Sickness absence in the UK labour market: 2025 Office for National Statistics.,Labour & Economy,,82,0.88,0,0,0,Labour & Economy,"Fri, 01 May 2026 10:11:12 GMT",2026-05-10 07:39:48,https://news.google.com/rss/search?q=site%3Aons.gov.uk+%28upcoming+OR+release+OR+schedule%29+%28population+OR+census+OR+migration+OR+fertility%29&hl=en-GB&gl=GB&ceid=GB:en,2,0.5,35,1,0,2880254da45f615039c5a9a6612006cc,-23.0,01 May 2026,146.0
"Business Trends and Outlook Survey Data Release — May 7, 2026 - Census.gov",US Census Releases,US Official,Official,Release,2026-05-07 07:00:00,Published,https://news.google.com/rss/articles/CBMidkFVX3lxTE9sRTYtT0ppWFhCZkZ2MkFoQlRuMDlZZWFGWU5sRk83U0hrWno2NGdCVGp1QjNoSHhBRFNMMUJpOVhHSEc1amRoVnJlenFHWHdjLW9hM2tSdXAxeGhhOHhjMzBhSVVuekxNZ2lnSE5WMDBfbHdoUXc?oc=5,"Recently published. Timing: 17 day(s) ago. Business Trends and Outlook Survey Data Release — May 7, 2026 Census.gov.",Population,,78,0.88,0,0,0,Population,"Thu, 07 May 2026 07:00:00 GMT",2026-05-24 08:03:49,https://news.google.com/rss/search?q=site%3Acensus.gov+%28upcoming+OR+release+OR+schedule%29+%28population+OR+census+OR+migration+OR+household%29&hl=en-GB&gl=GB&ceid=GB:en,2,0.5,45,0,0,bd7b9952c348ff09d03bad0c1546d230,-17.0,07 May 2026,146.0
Child and infant mortality in England and Wales: 2024,ONS Upcoming Releases,UK Official,Official,Release,2026-05-11 01:35:00,Published,http://www.bing.com/news/apiclick.aspx?ref=FexRss&aid=&tid=6a097486df994fe79cc564af8eae42fd&url=https%3a%2f%2fwww.ons.gov.uk%2fpeoplepopulationandcommunity%2fbirthsdeathsandmarriages%2fdeaths%2fbulletins%2fchildhoodinfantandperinatalmortalityinenglandandwales%2f2024&c=1866222119275870251&mkt=en-us,"Recently published. Timing: 6 day(s) ago. Child and infant mortality rates in England and Wales have fallen steeply since records began in the 1980s, though they have stabilised in recent years. There were 2,318 infant deaths (aged under 1 .",Mortality & Health,,82,0.88,0,0,0,Mortality & Health,"Mon, 11 May 2026 01:35:00 GMT",2026-05-17 07:55:51,https://www.bing.com/news/search?q=site%3Aons.gov.uk+%28upcoming+OR+release+OR+schedule%29+%28population+OR+census+OR+migration+OR+fertility%29&format=rss,2,0.5,45,1,0,915d56d67970339cb456c945821569e0,-13.0,11 May 2026,146.0
The United Nations Pulse,UN Population Division,Global / UN,Signal,Release,2026-03-26 14:45:00,Published,http://www.bing.com/news/apiclick.aspx?ref=FexRss&aid=&tid=69d8a1c48e3e498b82b4874de288bdc9&url=https%3a%2f%2fwww.un.org%2fen%2flive%2fdaily-pulse&c=8085456188646977122&mkt=en-us,"Recently published. Timing: 15 day(s) ago. IOM chief’s first Iceland visit aims to turn new migration policy into action As Iceland rolls out its first comprehensive migration policy, the head of the International Organization for Migration .",Migration,,80,0.88,0,0,0,Migration,"Thu, 26 Mar 2026 14:45:00 GMT",2026-04-10 07:07:49,https://www.bing.com/news/search?q=site%3Aun.org+%28upcoming+OR+release+OR+schedule%29+%28population+OR+demographic+OR+migration+OR+fertility%29&format=rss,2,0.5,0,1,0,3bc08fcc6ef3de24bbf3db97f464a099,-59.0,26 Mar 2026,145.0
Monthly Wholesale Trade Report for March 2026 - Census.gov,US Census Releases,US Official,Official,Release,2026-05-08 07:00:00,Published,https://news.google.com/rss/articles/CBMiZ0FVX3lxTE5wWGJmTkZONWYyUVhhNUE1TzlLVWs0dldlME1UVHF0RGhPei1xSzNESEJRa2dTUFJNWmVhazBWbEZzMVNFU3F0R2VnbHVLMjJwU1lQdXo0Vy1Eampla0hKR0E5dnA2c0U?oc=5,Recently published. Timing: 16 day(s) ago. Monthly Wholesale Trade Report for March 2026 Census.gov.,Population,,78,0.88,0,0,0,Population,"Fri, 08 May 2026 07:00:00 GMT",2026-05-24 08:03:50,https://news.google.com/rss/search?q=site%3Acensus.gov+%28upcoming+OR+release+OR+schedule%29+%28population+OR+census+OR+migration+OR+household%29&hl=en-GB&gl=GB&ceid=GB:en,2,0.5,45,0,0,0e1e07827f981c0acb415bf9575fda9b,-16.0,08 May 2026,145.0
Quarterly update on population and migration statistics: May 2026 - Office for National Statistics,ONS Upcoming Releases,UK Official,Official,Release,2026-05-12 12:43:49,Published,https://news.google.com/rss/articles/CBMi8wFBVV95cUxPcTZUa0RHVTFQR081ZXBRQVZNWVF0YWNFcjJVVUpXdkx2VmdIYlROZVlEdnFaeGtVSDlHQmNrQUpROTBuOWZZQ3lCNGJZMVBpSVB2YUVidDl2aVFKTllOVVpleDdRTHZ6MExXblRtYU53SEk4Y2xBdEZ3UHJfZms1cUdXUFhrZURRcGY2SUppVXhveWFkVTM0eHkxUG9EU2ExYnRlNFpCMmVuUlVxbTh2VGNraFN2enRicV9jUGVxcU9lUm9GWVhaSF9maXUyTEIwVFUzTXE2a2FCWS15WTltUG1BeFNZX2F6RnhIeTd5dFR2OE0?oc=5,Recently published. Timing: 12 day(s) ago. Quarterly update on population and migration statistics: May 2026 Office for National Statistics.,Population,Migration,82,0.88,0,0,0,"Population, Migration","Tue, 12 May 2026 12:43:49 GMT",2026-05-24 08:03:45,https://news.google.com/rss/search?q=site%3Aons.gov.uk+%28upcoming+OR+release+OR+schedule%29+%28population+OR+census+OR+migration+OR+fertility%29&hl=en-GB&gl=GB&ceid=GB:en,2,0.5,45,1,0,d79085c2551d15d351bb555fd98928db,-12.0,12 May 2026,145.0
"International migration research, progress update: April 2026 - Office for National Statistics",ONS Upcoming Releases,UK Official,Official,Release,2026-04-23 07:00:00,Published,https://news.google.com/rss/articles/CBMi8wFBVV95cUxOQmZaX0NoTklSRW1Ja0E4V2RycEEwWGtldzFlUTI4R0ROWWVreGJjMEtCRVA4akk5aTI3V3NVLVJGckx2d2xfVVNtRWNuTzdjak10RTJVVWRXOXE3bzQ1REZaUDk2MG9nTlRoakg3dk16a2dCdUNzUkNGYWIwSm1IaUVUemlNNHFXMUF0Rkl6UWpyMVlNdUJERndKMFp3UjhPNi1oMmQxVWx1YjlDYkpzSmd6Qm4wN0Q0ZnR5NFBfMlFMNHQ0RGhqbGhualNIZXpVVHdvVnVlbUxuQ1VoS3JkZ2dEc1h6SlZXUVcwSkwzWG52bXM?oc=5,"Recently published. Timing: 29 day(s) ago. International migration research, progress update: April 2026 Office for National Statistics.",Migration,,82,0.88,0,0,0,Migration,"Thu, 23 Apr 2026 07:00:00 GMT",2026-05-22 19:12:47,https://news.google.com/rss/search?q=site%3Aons.gov.uk+%28upcoming+OR+release+OR+schedule%29+%28population+OR+census+OR+migration+OR+fertility%29&hl=en-GB&gl=GB&ceid=GB:en,2,0.5,25,1,0,7f884517f717ddca2d1bc0c548729a04,-31.0,23 Apr 2026,144.0
Data.census.gov Newsletter – May 2026 - Census.gov,US Census Releases,US Official,Official,Release,2026-05-09 01:43:53,Published,https://news.google.com/rss/articles/CBMipAFBVV95cUxNNGw0clVFVUZNRUh0VEVSSDE0eUJxLWdUaHVRTVNLTHZZZWNnZmk3bHZEQWlxQVhqLVVlSTdIbG14VGZ6QWtrU3p1NEdCX0NJOUJDLWk0eW84RV9GM0J3Z3AzU0l3T0l1d0d6UlllVVVfYnpNS0YtUEpNanlBcjBKcnFYdGZ3bkNQbW5FSzV5Y2V6dFg3S2pTZUp4LVRnb1gzRnlydQ?oc=5,Recently published. Timing: 6 day(s) ago. Data.census.gov Newsletter – May 2026 Census.gov.,Population,,78,0.88,0,0,0,Population,"Sat, 09 May 2026 01:43:53 GMT",2026-05-15 19:06:16,https://news.google.com/rss/search?q=site%3Acensus.gov+%28upcoming+OR+release+OR+schedule%29+%28population+OR+census+OR+migration+OR+household%29&hl=en-GB&gl=GB&ceid=GB:en,2,0.5,45,0,0,4ad850b3123feb2181a7ec9d135bc586,-15.0,09 May 2026,144.0
Growing or shrinking – what do the latest trends tell us about the global population?,UN Population Division,Global / UN,Signal,Release,2026-04-28 07:32:00,Published,http://www.bing.com/news/apiclick.aspx?ref=FexRss&aid=&tid=6a037ce9bb9944459fe0a3dab9697b73&url=https%3a%2f%2fwww.un.org%2fen%2fdesa%2fwhat-do-latest-trends-tell-us-about-global-population&c=15138520958027639695&mkt=en-us,"Recently published. Timing: 14 day(s) ago. 10 July 2024 - Two years ago, our world marked the milestone of 8 billion people living on this planet. What has happened since then? How many lives are expected to see the light of day? Where do .",Population,,80,0.88,0,0,0,Population,"Tue, 28 Apr 2026 07:32:00 GMT",2026-05-12 19:18:02,https://www.bing.com/news/search?q=site%3Aun.org+%28upcoming+OR+release+OR+schedule%29+%28population+OR+demographic+OR+migration+OR+fertility%29&format=rss,2,0.5,30,1,0,4652cc48a13281f8e9c3de58a0b5f88f,-26.0,28 Apr 2026,142.0
Construction output in Great Britain: February 2026 - Office for National Statistics,ONS Upcoming Releases,UK Official,Official,Release,2026-04-16 06:47:35,Published,https://news.google.com/rss/articles/CBMiwgFBVV95cUxNU1BHb1FvUEFGdGFtNWY2MVFfbHBvelBQWGk4TFhmaUNVRFJkVUZMRU1FQy1ydDVubHhYWVZnc3JTYldoTU01WmVPNnlIZnF3VjNELWhraGM2MHlNY3lYSjN2UlhvS1JOdnVPSTJtWVhxLXpxY29GQWNCZUw3WDM3NWJwYzF1RVBweXBrdmZEbHd6elhXYmtUbFhEMGx1X256RFdQSmtRZkp1NG84MTVfRmVWUXFFajhsRGdyT3VtQTZRUQ?oc=5,Recently published. Timing: 5 day(s) ago. Construction output in Great Britain: February 2026 Office for National Statistics.,General,,82,0.88,0,0,0,,"Thu, 16 Apr 2026 06:47:35 GMT",2026-04-21 07:12:16,https://news.google.com/rss/search?q=site%3Aons.gov.uk+%28upcoming+OR+release+OR+schedule%29+%28population+OR+census+OR+migration+OR+fertility%29&hl=en-GB&gl=GB&ceid=GB:en,2,0.5,15,1,0,89e6273e88d3bf1ea4b0dd587c77540d,-38.0,16 Apr 2026,141.0
24% of first-time asylum applicants were minors in 2025 - European Commission,Eurostat Release Calendar,EU Official,Official,Release,2026-04-29 09:00:39,Published,https://news.google.com/rss/articles/CBMifkFVX3lxTE92TFhqUmx2a0hXeHFfdktsQ1dxSGR1aDY0eUI1eHFna29acFNNU2pLSWFLcVhtbGdQWXp6NXdvdlI3akR3bHhOSHhRRFB6MUNnb1dXV1Zqa0JSeUNNWFN6WGlGNlU3VzdYc2pXYzBGaURkSVdoLVAzNHRIWUVndw?oc=5,Recently published. Timing: 9 day(s) ago. 24% of first-time asylum applicants were minors in 2025 European Commission.,Migration,,85,0.88,0,0,0,Migration,"Wed, 29 Apr 2026 09:00:39 GMT",2026-05-08 18:52:18,https://news.google.com/rss/search?q=site%3Aec.europa.eu+%28upcoming+OR+release+OR+schedule%29+%28population+OR+demography+OR+migration+OR+asylum%29&hl=en-GB&gl=GB&ceid=GB:en,2,0.5,25,1,0,7c69da533630ceb80d367157364cf9c8,-25.0,29 Apr 2026,141.0
Labour Force Survey – user guidance,ONS Upcoming Releases,UK Official,Official,Release,2026-05-07 17:00:00,Published,http://www.bing.com/news/apiclick.aspx?ref=FexRss&aid=&tid=6a04ce56e5fc4c48842f987d6a2eb83b&url=https%3a%2f%2fwww.ons.gov.uk%2femploymentandlabourmarket%2fpeopleinwork%2femploymentandemployeetypes%2fmethodologies%2flabourforcesurveyuserguidance&c=7573505597887763245&mkt=en-us,"Recently published. Timing: 6 day(s) ago. 2024 update Volume 1: Background and methodology (PDF, 1.5MB) 2022 update Volume 1: Background and methodology (PDF, 1.2MB) 2020 update Volume 1: Background and methodology (PDF, 1.5MB) 2018 update .",Labour & Economy,Methods & Infrastructure,82,0.88,0,0,0,"Labour & Economy, Methods & Infrastructure","Thu, 07 May 2026 17:00:00 GMT",2026-05-13 19:17:44,https://www.bing.com/news/search?q=site%3Aons.gov.uk+%28upcoming+OR+release+OR+schedule%29+%28population+OR+census+OR+migration+OR+fertility%29&format=rss,2,0.5,35,1,0,046b04fa57c1e6ca736522a98d7b8f3b,-17.0,07 May 2026,140.0
Business Formation Statistics Monthly Data Release — April 2026 - Census.gov,US Census Releases,US Official,Official,Release,2026-05-13 04:00:00,Published,https://news.google.com/rss/articles/CBMilwFBVV95cUxPaGZwX3VVV1hReXFzYWFHNmphODJHRVJ5dEN3V3p0c1lHZjBGUkpSclVXN3pOSnZOSlh0WmYzT3VROERDMjRVWUxmQ3MzSVE0REtYY1NLTmotUTdYbzMwNTltOGFZREZ6c21OQi1tT2JIazBRMWtzeFh1MzNzckk0cHBUemFZdHB3RG0zcUZFUkJoNks4SEdR?oc=5,Recently published. Timing: 4 day(s) ago. Business Formation Statistics Monthly Data Release — April 2026 Census.gov.,Population,,78,0.88,0,0,0,Population,"Wed, 13 May 2026 04:00:00 GMT",2026-05-17 18:36:02,https://news.google.com/rss/search?q=site%3Acensus.gov+%28upcoming+OR+release+OR+schedule%29+%28population+OR+census+OR+migration+OR+household%29&hl=en-GB&gl=GB&ceid=GB:en,2,0.5,45,0,0,c2c7f6b25fb9dc7a516a22d64543311d,-11.0,13 May 2026,140.0
Population Growth Holds Steady in Midsized Cities Amid Widespread Slowdown - Census.gov,US Census Releases,US Official,Official,Release,2026-05-14 04:00:00,Published,https://news.google.com/rss/articles/CBMimAFBVV95cUxOSWs4ckxwYkk2Z1ZNdTF0NGVfZzlLMjNIZVBJRk04UFdiZUYtbnB3TGRzd0tubDZqU1gtekxDQl9BMU5sdXl1aXVnaFlkTGcydWdPTGtDVE1pZnZYa0NvYXFpOTZTQ1NNOFYwSFV6ZHhyYUdPdy1JbnVqWjBkV0dwaWhua2taMXg1eF9Gdm1wbC0xWVVnX0hZeQ?oc=5,Recently published. Timing: 4 day(s) ago. Population Growth Holds Steady in Midsized Cities Amid Widespread Slowdown Census.gov.,Population,,78,0.88,0,0,0,Population,"Thu, 14 May 2026 04:00:00 GMT",2026-05-18 08:57:19,https://news.google.com/rss/search?q=site%3Acensus.gov+%28upcoming+OR+release+OR+schedule%29+%28population+OR+census+OR+migration+OR+household%29&hl=en-GB&gl=GB&ceid=GB:en,2,0.5,45,0,0,875d301776b5faeb77dd0427b1b73235,-10.0,14 May 2026,139.0
Population Growth Holds Steady in Midsized Cities Amid Slowdown - Census.gov,US Census Releases,US Official,Official,Release,2026-05-14 07:00:00,Published,https://news.google.com/rss/articles/CBMimAFBVV95cUxOSWs4ckxwYkk2Z1ZNdTF0NGVfZzlLMjNIZVBJRk04UFdiZUYtbnB3TGRzd0tubDZqU1gtekxDQl9BMU5sdXl1aXVnaFlkTGcydWdPTGtDVE1pZnZYa0NvYXFpOTZTQ1NNOFYwSFV6ZHhyYUdPdy1JbnVqWjBkV0dwaWhua2taMXg1eF9Gdm1wbC0xWVVnX0hZeQ?oc=5,Recently published. Timing: 10 day(s) ago. Population Growth Holds Steady in Midsized Cities Amid Slowdown Census.gov.,Population,,78,0.88,0,0,0,Population,"Thu, 14 May 2026 07:00:00 GMT",2026-05-24 08:03:49,https://news.google.com/rss/search?q=site%3Acensus.gov+%28upcoming+OR+release+OR+schedule%29+%28population+OR+census+OR+migration+OR+household%29&hl=en-GB&gl=GB&ceid=GB:en,2,0.5,45,0,0,5ab4ee803f87b5f60f1fe943e67e02e4,-10.0,14 May 2026,139.0
Vintage 2025 City and Town Population Estimates - Census.gov,US Census Releases,US Official,Official,Release,2026-05-14 07:00:00,Published,https://news.google.com/rss/articles/CBMikwFBVV95cUxPbS04dERWRVRhbm5VT2wzYzJUM1g3VTU2eUp6RVZVMnRFcUVKU21UNkVsODVZRmhmcE5WV1k1Z3NkM2MtMGpLZnM3SVdRb0Qxa19ReFlGbkdXbVJkN3RLRm1BcXV4SXZxZC1mbzY0Si1FWnpnTEdRd3BtSmJQRFY1RE5QT3daN0k4a2p3UDNteXgyWEU?oc=5,Recently published. Timing: 10 day(s) ago. Vintage 2025 City and Town Population Estimates Census.gov.,Population,,78,0.88,0,0,0,Population,"Thu, 14 May 2026 07:00:00 GMT",2026-05-24 08:03:49,https://news.google.com/rss/search?q=site%3Acensus.gov+%28upcoming+OR+release+OR+schedule%29+%28population+OR+census+OR+migration+OR+household%29&hl=en-GB&gl=GB&ceid=GB:en,2,0.5,45,0,0,249f48c26fd04bf97a280a0a6705d340,-10.0,14 May 2026,139.0
Census Bureau Releases 2025 Annual Survey of Public Pensions - Census.gov,US Census Releases,US Official,Official,Release,2026-05-14 07:00:00,Published,https://news.google.com/rss/articles/CBMidEFVX3lxTE1Yam9lME9sams5c1VFc3pNWUxmdHRWRFFSZkp1eS1TNEtyc3hqOWVRRTlxUjdES2VGd1hxWDVkR1NNZk9uUXdLdTlrUU5BV0ptSmQ3aXRnLVpXekNtTU04OW5EMUtpZmNxZ2QzN3A3dWcxR0Vt?oc=5,Recently published. Timing: 10 day(s) ago. Census Bureau Releases 2025 Annual Survey of Public Pensions Census.gov.,Population,,78,0.88,0,0,0,Population,"Thu, 14 May 2026 07:00:00 GMT",2026-05-24 08:03:49,https://news.google.com/rss/search?q=site%3Acensus.gov+%28upcoming+OR+release+OR+schedule%29+%28population+OR+census+OR+migration+OR+household%29&hl=en-GB&gl=GB&ceid=GB:en,2,0.5,45,0,0,5afaa5c81dda0cda37dcc36bfba40b57,-10.0,14 May 2026,139.0
18-24 year old population: All persons: 000s,ONS Upcoming Releases,UK Official,Official,Release,2026-05-18 17:00:00,Published,http://www.bing.com/news/apiclick.aspx?ref=FexRss&aid=&tid=6a10aab6f3f84768a32ea515f1d30cee&url=https%3a%2f%2fwww.ons.gov.uk%2femploymentandlabourmarket%2fpeopleinwork%2femploymentandemployeetypes%2ftimeseries%2fjn5q%2flms&c=12767764844118589485&mkt=en-us,Recently published. Timing: 4 day(s) ago. Home Employment and labour market People in work Employment and employee types  .,Population,Labour & Economy,82,0.88,0,0,0,"Population, Labour & Economy, Housing & Families","Mon, 18 May 2026 17:00:00 GMT",2026-05-22 19:12:56,https://www.bing.com/news/search?q=site%3Aons.gov.uk+%28upcoming+OR+release+OR+schedule%29+%28population+OR+census+OR+migration+OR+fertility%29&format=rss,2,0.5,45,1,0,73717a12366a524ee7499ab46673f26e,-6.0,18 May 2026,139.0
Can a rigorous sleep schedule protect mental health? - UK Biobank,UK Biobank News,Biobanks,Registry,Release,2026-05-07 00:00:00,Published,https://news.google.com/rss/articles/CBMimwFBVV95cUxOZlVKOEZPdnVDR1lDR1dHS3Qzal9hcTFjRXVjeWZpbFVTQnl3YjhkYzY0UHF4aVdXV3VMNzZ0MFZzc25wMWNOcHRvc05xWjZmdnlxdFBlWDRYck11MnNTY0xwLWlNVXJZbzVXa1ZOY2ljV3RvRkh1aTk0R3dXNXMxVlcyVW5yVjM3eVVTc0lVTFdEbi1GSl8xNUFsOA?oc=5,Recently published. Timing: 17 day(s) ago. Can a rigorous sleep schedule protect mental health? UK Biobank.,Mortality & Health,Biobanks & Registries,85,0.88,0,0,0,"Mortality & Health, Biobanks & Registries","Thu, 07 May 2026 00:00:00 GMT",2026-05-24 08:03:50,https://news.google.com/rss/search?q=site%3Aukbiobank.ac.uk+%28upcoming+OR+release+OR+schedule%29+%28data+release+OR+cohort+OR+genomic+OR+health+data%29&hl=en-GB&gl=GB&ceid=GB:en,2,0.5,30,1,0,6f6724d7de8558de2d452213477f19c0,-17.0,07 May 2026,138.0
Research Analysis Platform - UK Biobank,UK Biobank News,Biobanks,Registry,Release,2026-05-07 07:00:00,Published,https://news.google.com/rss/articles/CBMid0FVX3lxTE5LUHZkQURtek8tQ3diTlBtaHZ3Tjk4VkVZaXlnemE1Qjk3VlFkQUpQNG5taWNrb1BRakZKNVBOZU9KbWNkS2pWRE1HSEpPMkZPSWpGTk5XbHRNQ2lPOWhERWFyNTdIUWNOY2RHdU1Yd2NOQ2FBZ0hZ?oc=5,Recently published. Timing: 17 day(s) ago. Research Analysis Platform UK Biobank.,Biobanks & Registries,,85,0.88,0,0,0,Biobanks & Registries,"Thu, 07 May 2026 07:00:00 GMT",2026-05-24 08:03:49,https://news.google.com/rss/search?q=site%3Aukbiobank.ac.uk+%28upcoming+OR+release+OR+schedule%29+%28data+release+OR+cohort+OR+genomic+OR+health+data%29&hl=en-GB&gl=GB&ceid=GB:en,2,0.5,30,1,0,23a1900fc4b39cb5d623a0c83ed920e5,-17.0,07 May 2026,138.0
Health research data for the world - UK Biobank - UK Biobank,UK Biobank News,Biobanks,Registry,Release,2026-05-07 07:00:00,Published,https://news.google.com/rss/articles/CBMiQkFVX3lxTE5neUw2dTJ6N3lNakNieUtMd1RCVFIwWVlmdk45ZVV3ajEyY2tmN3d5QWVsUDhLVzZ0YlY2VkNEcjduQQ?oc=5,Recently published. Timing: 14 day(s) ago. Health research data for the world - UK Biobank UK Biobank.,Mortality & Health,Biobanks & Registries,85,0.88,0,0,0,"Mortality & Health, Biobanks & Registries","Thu, 07 May 2026 07:00:00 GMT",2026-05-21 19:26:22,https://news.google.com/rss/search?q=site%3Aukbiobank.ac.uk+%28upcoming+OR+release+OR+schedule%29+%28data+release+OR+cohort+OR+genomic+OR+health+data%29&hl=en-GB&gl=GB&ceid=GB:en,2,0.5,30,1,0,eab3c6ad3545346d65e6f1869a7acb53,-17.0,07 May 2026,138.0
"132 600 people refused entry in the EU, up by 7.1% - European Commission",Eurostat Release Calendar,EU Official,Official,Release,2026-05-12 07:00:00,Published,https://news.google.com/rss/articles/CBMifkFVX3lxTE95TWdaem1PTVp4Z1V4dWVvSF9QbFFqZXRqeWt1U1kzVThLSGxSVkt4RVgxeUNtamxZU09zRUZ0SVRCNHMzcnZ0UkQ2SERsRDAycGdJZ2t2Z05VQ0plTU55MHNpWUNnM2thMXIzN1N1UWd2U1lmMWRyX0ZwZnVaQQ?oc=5,"Recently published. Timing: 12 day(s) ago. 132 600 people refused entry in the EU, up by 7.1% European Commission.",Population,,85,0.88,0,0,0,Population,"Tue, 12 May 2026 07:00:00 GMT",2026-05-24 08:03:51,https://news.google.com/rss/search?q=site%3Aec.europa.eu+%28upcoming+OR+release+OR+schedule%29+%28population+OR+demography+OR+migration+OR+asylum%29&hl=en-GB&gl=GB&ceid=GB:en,2,0.5,35,1,0,bc3f19ff0b45bf6b212153da3eba1416,-12.0,12 May 2026,138.0
Commission strengthens global health security with new Global Health Resilience Initiative - European Commission,Eurostat Release Calendar,EU Official,Official,Release,2026-05-12 07:00:00,Published,https://news.google.com/rss/articles/CBMickFVX3lxTE5kc285X0dzYWlFeDg5a3BvZVc5eWpTQ2h5bTJkaTFJRDNlbDZGdEhkd3cxbDJvV05nLXYtcFZrZnRtODJ4bG82LTFPdzU2R0Y5bkJYY1ZJTTJ6NUlqRHVpbG04X2hfVWxqbzUtNzNFZ3VOZw?oc=5,Recently published. Timing: 10 day(s) ago. Commission strengthens global health security with new Global Health Resilience Initiative European Commission.,Mortality & Health,,85,0.88,0,0,0,Mortality & Health,"Tue, 12 May 2026 07:00:00 GMT",2026-05-22 19:12:52,https://news.google.com/rss/search?q=site%3Aec.europa.eu+%28upcoming+OR+release+OR+schedule%29+%28population+OR+demography+OR+migration+OR+asylum%29&hl=en-GB&gl=GB&ceid=GB:en,2,0.5,35,1,0,a5da7108188d66c3279916092c0d4305,-12.0,12 May 2026,138.0
"Tip Sheet Number 10 — May 15, 2026 - Census.gov",US Census Releases,US Official,Official,Release,2026-05-15 04:00:00,Published,https://news.google.com/rss/articles/CBMibEFVX3lxTE03bmhlaUwtY3hkcTU2Zjl4MHR5V2wtbHZteElqUUpDNGhFT25hUFkxVjZWYl9zcVRUQm5WV0UxNllwVWhva24zSnBwUmlPVzJCZndLLW0wVVdhT20yLUlaNDhMOHFCeWROWjk3Yg?oc=5,"Recently published. Timing: 2 day(s) ago. Tip Sheet Number 10 — May 15, 2026 Census.gov.",Population,,78,0.88,0,0,0,Population,"Fri, 15 May 2026 04:00:00 GMT",2026-05-17 18:36:02,https://news.google.com/rss/search?q=site%3Acensus.gov+%28upcoming+OR+release+OR+schedule%29+%28population+OR+census+OR+migration+OR+household%29&hl=en-GB&gl=GB&ceid=GB:en,2,0.5,45,0,0,ab34ce42d7c75622fdb349cf614d1502,-9.0,15 May 2026,138.0
EU’s bird and butterfly populations are declining - European Commission,Eurostat Release Calendar,EU Official,Official,Release,2026-05-22 09:00:17,Published,https://news.google.com/rss/articles/CBMifkFVX3lxTFBUUV80czVJRVJLYkRhcnNuLXZqLUN0V2VOMFJOZEhkaVoyb01oWHR1enZWdWMwSk1jWklOeElfOV85OGFieG5IWTA3QW80SlpZbVp3Snp2NzZRaE5Jb29kOHZmWmZWckluWFEzdDhpWkE4UTdodUM0Z3BGeVJudw?oc=5,Recently published. Timing: 2 day(s) ago. EU’s bird and butterfly populations are declining European Commission.,Population,,85,0.88,0,0,0,Population,"Fri, 22 May 2026 09:00:17 GMT",2026-05-24 08:03:51,https://news.google.com/rss/search?q=site%3Aec.europa.eu+%28upcoming+OR+release+OR+schedule%29+%28population+OR+demography+OR+migration+OR+asylum%29&hl=en-GB&gl=GB&ceid=GB:en,2,0.5,45,1,0,d6aa4d1578b51108946c7666e756263c,-2.0,22 May 2026,138.0
Upcoming data - community.ukbiobank.ac.uk,UK Biobank News,Biobanks,Registry,Release,2026-05-08 07:00:00,Published,https://news.google.com/rss/articles/CBMihwFBVV95cUxPTko1YUgxMVpOSWlMRy15c2p4WjRHTjBpbFlFYThmS0JxSlBzeUFZc0VMUUtLRlR5OTR4cjBtWWk3c2tBSW1rZW5GLVhCdzNZT2lFVHgzTHJJMHdFa1RMakVfbVJsSVNYR0w1eGk2Z0JXMGt5UWxfcW9va3lsTW1YRzNPSDc1YjQ?oc=5,Recently published. Timing: 16 day(s) ago. Upcoming data community.ukbiobank.ac.uk.,Biobanks & Registries,,85,0.88,0,0,0,Biobanks & Registries,"Fri, 08 May 2026 07:00:00 GMT",2026-05-24 08:03:49,https://news.google.com/rss/search?q=site%3Aukbiobank.ac.uk+%28upcoming+OR+release+OR+schedule%29+%28data+release+OR+cohort+OR+genomic+OR+health+data%29&hl=en-GB&gl=GB&ceid=GB:en,2,0.5,30,1,0,b612934740275792c6533fb7767ce488,-16.0,08 May 2026,137.0
Submitting publications and use of UK Biobank images - community.ukbiobank.ac.uk,UK Biobank News,Biobanks,Registry,Release,2026-05-08 07:00:00,Published,https://news.google.com/rss/articles/CBMiuwFBVV95cUxNMWlGLVRJYTlvS2k4aU1WMFhTOGhwYWxVZ3F6T3pmR0JtMl9BaXk1dmZDMEZ6SzNkdjhVQzlYdHh0NWpDbE51bU1fbFBGSWpMTGZjaU5LQnNrZEkwcWY5ckVkWU9uNlZuMXkyWXh3bUo0SUU1NFpuYUFuR3YxSUprek1mMzBZTTdHeERZMUFMSk5jSlc4Wjl3UHVCUmVJVXNBdmRTZE9JQmNPa2dxVHE2d0Z3Q0QzRDVraC00?oc=5,Recently published. Timing: 16 day(s) ago. Submitting publications and use of UK Biobank images community.ukbiobank.ac.uk.,Biobanks & Registries,,85,0.88,0,0,0,Biobanks & Registries,"Fri, 08 May 2026 07:00:00 GMT",2026-05-24 08:03:50,https://news.google.com/rss/search?q=site%3Aukbiobank.ac.uk+%28upcoming+OR+release+OR+schedule%29+%28data+release+OR+cohort+OR+genomic+OR+health+data%29&hl=en-GB&gl=GB&ceid=GB:en,2,0.5,30,1,0,3e1c9867dd48d2a04f80b10e0bd2bf32,-16.0,08 May 2026,137.0
Upcoming data - UK Biobank,UK Biobank News,Biobanks,Registry,Release,2026-05-08 07:00:00,Published,https://news.google.com/rss/articles/CBMihwFBVV95cUxPTko1YUgxMVpOSWlMRy15c2p4WjRHTjBpbFlFYThmS0JxSlBzeUFZc0VMUUtLRlR5OTR4cjBtWWk3c2tBSW1rZW5GLVhCdzNZT2lFVHgzTHJJMHdFa1RMakVfbVJsSVNYR0w1eGk2Z0JXMGt5UWxfcW9va3lsTW1YRzNPSDc1YjQ?oc=5,Recently published. Timing: 12 day(s) ago. Upcoming data UK Biobank.,Biobanks & Registries,,85,0.88,0,0,0,Biobanks & Registries,"Fri, 08 May 2026 07:00:00 GMT",2026-05-20 19:39:31,https://news.google.com/rss/search?q=site%3Aukbiobank.ac.uk+%28upcoming+OR+release+OR+schedule%29+%28data+release+OR+cohort+OR+genomic+OR+health+data%29&hl=en-GB&gl=GB&ceid=GB:en,2,0.5,30,1,0,c2d30484f7bcfdc9463896260e48f9eb,-16.0,08 May 2026,137.0
Submitting publications and use of UK Biobank images - UK Biobank,UK Biobank News,Biobanks,Registry,Release,2026-05-08 07:00:00,Published,https://news.google.com/rss/articles/CBMiuwFBVV95cUxNMWlGLVRJYTlvS2k4aU1WMFhTOGhwYWxVZ3F6T3pmR0JtMl9BaXk1dmZDMEZ6SzNkdjhVQzlYdHh0NWpDbE51bU1fbFBGSWpMTGZjaU5LQnNrZEkwcWY5ckVkWU9uNlZuMXkyWXh3bUo0SUU1NFpuYUFuR3YxSUprek1mMzBZTTdHeERZMUFMSk5jSlc4Wjl3UHVCUmVJVXNBdmRTZE9JQmNPa2dxVHE2d0Z3Q0QzRDVraC00?oc=5,Recently published. Timing: 12 day(s) ago. Submitting publications and use of UK Biobank images UK Biobank.,Biobanks & Registries,,85,0.88,0,0,0,Biobanks & Registries,"Fri, 08 May 2026 07:00:00 GMT",2026-05-20 19:39:34,https://news.google.com/rss/search?q=site%3Aukbiobank.ac.uk+%28upcoming+OR+release+OR+schedule%29+%28data+release+OR+cohort+OR+genomic+OR+health+data%29&hl=en-GB&gl=GB&ceid=GB:en,2,0.5,30,1,0,9bb085f004e293e5a30f0de08e2512a5,-16.0,08 May 2026,137.0
4% of EU households had children in 2025 - European Commission,Eurostat Release Calendar,EU Official,Official,Release,2026-05-13 09:26:34,Published,https://news.google.com/rss/articles/CBMifkFVX3lxTFBubzdhejRSMWUxOTFtdEx1aklWOXJuYkhZSERFQ1JSNS1vNFBEb1JWc0JxY18tcHJfX0NpTEhIclhTOTZhWmYxZlFTMDdJOXhYRWI3LXFYX0ZyRkZXbkpRd2dsQ09GZGZwZE5zenc3ZFhJVGdhTTZJV0M4YjVYUQ?oc=5,Recently published. Timing: 9 day(s) ago. 23.4% of EU households had children in 2025 European Commission.,Population,,85,0.88,0,0,0,Population,"Wed, 13 May 2026 09:26:34 GMT",2026-05-22 08:37:29,https://news.google.com/rss/search?q=site%3Aec.europa.eu+%28upcoming+OR+release+OR+schedule%29+%28population+OR+demography+OR+migration+OR+asylum%29&hl=en-GB&gl=GB&ceid=GB:en,2,0.5,35,1,0,9c7b05a49ce9ff06f799e51002085121,-11.0,13 May 2026,137.0
Census Bureau Releases New Local Estimates of Air Conditioning Access - Census.gov,US Census Releases,US Official,Official,Release,2026-05-19 04:00:00,Published,https://news.google.com/rss/articles/CBMidEFVX3lxTFBqam8tWGdRNHlCLW1nWHM2Y2c4Qnp4LXdNMWw2WGFDeDBBSlhFQnhzbUJ2OVNRZHBUbzZNMkh1VElNYld5SkxPWF9QVElWZXY4d1ptM0RxZ0d3d1ZLa0dXSGdxZ2RzaHN1V1o1aGZnREZwV0Js?oc=5,Recently published. Timing: 4 day(s) ago. Census Bureau Releases New Local Estimates of Air Conditioning Access Census.gov.,Population,Methods & Infrastructure,78,0.88,0,0,0,"Population, Methods & Infrastructure","Tue, 19 May 2026 04:00:00 GMT",2026-05-23 18:33:54,https://news.google.com/rss/search?q=site%3Acensus.gov+%28upcoming+OR+release+OR+schedule%29+%28population+OR+census+OR+migration+OR+household%29&hl=en-GB&gl=GB&ceid=GB:en,2,0.5,45,0,0,067babb35b620929a9e6c957b4d38258,-5.0,19 May 2026,134.0
Commission reports on progress in implementing Pact on Migration and Asylum - European Commission,Eurostat Release Calendar,EU Official,Official,Release,2026-05-07 07:00:00,Published,https://news.google.com/rss/articles/CBMickFVX3lxTE5lS2ZXbm1NSmxSeHhGT1lFc0pSSXV3VDBNc3g0bEZDRlFiTURnbm1qc2VUX2dUdkdqZnBPN3NWN1dLMzkzUnBfMVJkVGFNeWJVYTVWN0gzaUh2WWhGNndtNE9qUmxHUm5maHg1Vy0xbndVUQ?oc=5,Recently published. Timing: 17 day(s) ago. Commission reports on progress in implementing Pact on Migration and Asylum European Commission.,Migration,,85,0.88,0,0,0,Migration,"Thu, 07 May 2026 07:00:00 GMT",2026-05-24 08:03:51,https://news.google.com/rss/search?q=site%3Aec.europa.eu+%28upcoming+OR+release+OR+schedule%29+%28population+OR+demography+OR+migration+OR+asylum%29&hl=en-GB&gl=GB&ceid=GB:en,2,0.5,25,1,0,8ccd871ce56f884402e68de8eb7e05a9,-17.0,07 May 2026,133.0
Engagement and events - UK Biobank,UK Biobank News,Biobanks,Registry,Release,2026-05-12 07:00:00,Published,https://news.google.com/rss/articles/CBMicEFVX3lxTE9VN2NkbTRHOC1aeWZCNFpseTRkS2dPZEhMVUxQUThNSVpaYVZwUXllSWd6dXlhc3hzc2dTUFl6ZG1vblFBOTJqWVlrdFNXb2tTNENXMUVlZXVzbDQxSDIyOHhHSEtvVVRKZWY4dkhrdDM?oc=5,Recently published. Timing: 12 day(s) ago. Engagement and events UK Biobank.,Biobanks & Registries,,85,0.88,0,0,0,Biobanks & Registries,"Tue, 12 May 2026 07:00:00 GMT",2026-05-24 08:03:49,https://news.google.com/rss/search?q=site%3Aukbiobank.ac.uk+%28upcoming+OR+release+OR+schedule%29+%28data+release+OR+cohort+OR+genomic+OR+health+data%29&hl=en-GB&gl=GB&ceid=GB:en,2,0.5,30,1,0,bc6c416e3bbe2a2943f0aa27ed037b5a,-12.0,12 May 2026,133.0
"Past and projected period and cohort life tables: 2024-based, UK, 1981 to 2074",ONS Upcoming Releases,UK Official,Official,Release,2026-05-15 01:35:00,Published,http://www.bing.com/news/apiclick.aspx?ref=FexRss&aid=&tid=6a12b0e75a9341e3acead1bb89bb184a&url=https%3a%2f%2fwww.ons.gov.uk%2fpeoplepopulationandcommunity%2fbirthsdeathsandmarriages%2flifeexpectancies%2fbulletins%2fpastandprojecteddatafromtheperiodandcohortlifetables%2f2024baseduk1981to2074&c=7004230285143712&mkt=en-us,"Recently published. Timing: 9 day(s) ago. Girls born in the UK in 2024 can expect to live to age 90.2 years on average, and boys to age 86.9 years based on projections of cohort life expectancy, which take into account assumed future .",Mortality & Health,Biobanks & Registries,82,0.88,0,0,0,"Mortality & Health, Biobanks & Registries","Fri, 15 May 2026 01:35:00 GMT",2026-05-24 08:03:51,https://www.bing.com/news/search?q=site%3Aons.gov.uk+%28upcoming+OR+release+OR+schedule%29+%28population+OR+census+OR+migration+OR+fertility%29&format=rss,2,0.5,35,1,0,b21103aa2435ad6da47bf7eaf36523da,-9.0,15 May 2026,132.0
Life expectancy calculator - Office for National Statistics,ONS Upcoming Releases,UK Official,Official,Release,2026-05-15 07:00:00,Published,https://news.google.com/rss/articles/CBMi2gFBVV95cUxOTEF2dVA5ei1VLXlaZXNpYmwzLU54WDB6cVFLM2R6ZEdhM1E4WkJ0U2k3czJ0RlRuUjlPc3V3dDNnZWhHbDYxVGFuSDZYeVFZMllLank0TjEyNk04NHEtODFaMjdxOGRZNWE2VGotTDhzdXd6QzlzSTFRYWxkSW5nc09YX3k0czEtUkNzNTlqNFBuOGIwbmMwQXRzTzAtX1hVbm5OWVlKaEV4dzZ6cmxLWFAtMFV6aGNGUHJGai0yX1g4bHlqc3pnR3hMTlQxOS0wcUJHckFFanlHdw?oc=5,Recently published. Timing: 9 day(s) ago. Life expectancy calculator Office for National Statistics.,Mortality & Health,,82,0.88,0,0,0,Mortality & Health,"Fri, 15 May 2026 07:00:00 GMT",2026-05-24 08:03:45,https://news.google.com/rss/search?q=site%3Aons.gov.uk+%28upcoming+OR+release+OR+schedule%29+%28population+OR+census+OR+migration+OR+fertility%29&hl=en-GB&gl=GB&ceid=GB:en,2,0.5,35,1,0,c1dfbe35a645c7f7ffc4b13fe010b161,-9.0,15 May 2026,132.0
"Past and projected period and cohort life tables: 2024-based, UK, 1981 to 2074 - Office for National Statistics",ONS Upcoming Releases,UK Official,Official,Release,2026-05-15 10:29:32,Published,https://news.google.com/rss/articles/CBMiigJBVV95cUxQd3VLNGZBZ3kycG1KRkRXeG9rVEpBb0d6dGxycUdhRHhCc0h5Tjg3WXJ1NXpRcnQ1QU1NQnV1ZVVmMzdySlVka2lPMlFhTk9ZeXg1dERZVFU1MW85MFR4dUFvZEc5QzJtci1mbmd4OFR3anA2LUJkejRzSzBpSmJsUm81bTlkRF93a0ozXzAzQnUyMUVHaEpVWkNvdWt1dWFERkU4TEhxSlF5Q2E0NkFwaVY3WUJoaXduWkJZZG9WQVBWM25SMi10cm5WZloxckVjTHp2a2c1WnFEYTBicWJlYVo0REIycTVaeVdTeGFDNGRSVnpNSkloczBWWGxFRmRCOFJWSHliV0F1Zw?oc=5,"Recently published. Timing: 2 day(s) ago. Past and projected period and cohort life tables: 2024-based, UK, 1981 to 2074 Office for National Statistics.",Biobanks & Registries,,82,0.88,0,0,0,Biobanks & Registries,"Fri, 15 May 2026 10:29:32 GMT",2026-05-17 18:35:59,https://news.google.com/rss/search?q=site%3Aons.gov.uk+%28upcoming+OR+release+OR+schedule%29+%28population+OR+census+OR+migration+OR+fertility%29&hl=en-GB&gl=GB&ceid=GB:en,2,0.5,35,1,0,9d9c5c783e4b45a219a9424eb0f21813,-9.0,15 May 2026,132.0
"Business Trends and Outlook Survey Data Release — May 21, 2026 - Census.gov",US Census Releases,US Official,Official,Release,2026-05-21 04:00:00,Published,https://news.google.com/rss/articles/CBMid0FVX3lxTE8wc2JSMW9XZWNYbGEzbURraEZFcThHYkpibk5FNVk2WVF4N2M1QW43T2VkREJrWG1FYUtQaC1fME5rd0h4NGxrVnFYX1JfVFcxSGV5SWxYeTBQYVczVTBBLTdYM0pVa3AwNTRnSENya29KdHRocDlB?oc=5,"Recently published. Timing: 1 day(s) ago. Business Trends and Outlook Survey Data Release — May 21, 2026 Census.gov.",Population,,78,0.88,0,0,0,Population,"Thu, 21 May 2026 04:00:00 GMT",2026-05-22 19:12:51,https://news.google.com/rss/search?q=site%3Acensus.gov+%28upcoming+OR+release+OR+schedule%29+%28population+OR+census+OR+migration+OR+household%29&hl=en-GB&gl=GB&ceid=GB:en,2,0.5,45,0,0,fcb425d1d7e77c0b50c75115c4d78d89,-3.0,21 May 2026,132.0
New Community Resilience Estimates for Puerto Rico Now Available - Census.gov,US Census Releases,US Official,Official,Release,2026-05-21 04:00:00,Published,https://news.google.com/rss/articles/CBMigwFBVV95cUxPdUJ3ZmpFM0hXblBjdUFMdk1aWG1jVGxoVmlXZElXUWpDS1FoUkMyMWo5Si1VYmxTb1haNVNLd1JFWFVKaFc1MzVQbkxVbjJHUTFKRk9YRjlTYW9Pak5vZ19jbkIyeEs4aWJkQ1JmZjN2cUNuUjRVZDYweWNtNmFTY3BGNA?oc=5,Recently published. Timing: 1 day(s) ago. New Community Resilience Estimates for Puerto Rico Now Available Census.gov.,Population,,78,0.88,0,0,0,Population,"Thu, 21 May 2026 04:00:00 GMT",2026-05-22 19:12:51,https://news.google.com/rss/search?q=site%3Acensus.gov+%28upcoming+OR+release+OR+schedule%29+%28population+OR+census+OR+migration+OR+household%29&hl=en-GB&gl=GB&ceid=GB:en,2,0.5,45,0,0,4ba14ea6179cf6df5c9b0c22b5fa23b8,-3.0,21 May 2026,132.0
Census Bureau Data and Maps - Census.gov,US Census Releases,US Official,Official,Release,2026-05-21 07:00:00,Published,https://news.google.com/rss/articles/CBMiR0FVX3lxTFA0TTJjMlppa1lUcTFrb0FYdHJ6c2RnTVFMa25OU3h4Mzh5U2R0Q2dPZ05jOHBpX3lBbkE3WnZMQm4tYzdTQk5J?oc=5,Recently published. Timing: 3 day(s) ago. Census Bureau Data and Maps Census.gov.,Population,,78,0.88,0,0,0,Population,"Thu, 21 May 2026 07:00:00 GMT",2026-05-24 08:03:50,https://news.google.com/rss/search?q=site%3Acensus.gov+%28upcoming+OR+release+OR+schedule%29+%28population+OR+census+OR+migration+OR+household%29&hl=en-GB&gl=GB&ceid=GB:en,2,0.5,45,0,0,060aa1a57a5bc68211830ebc5561f0c2,-3.0,21 May 2026,132.0
Living Population in the Second Quarter of 2025 - 국가데이터처,KOSTAT South Korea,Korea Official,Official,Release,2026-05-23 00:06:14,Published,https://news.google.com/rss/articles/CBMifEFVX3lxTE5mZXhUMTYtZXBQZ25yX0VUQTdmQWxKN3VsUkdhemUyVDBWNXFacm5OMEs3STY4UnJINHNmenVNT09zUFJ6MjgtekgxVWtTXzRZcnlTaG9fTndTSHNxckNTN0hLREI5YmJLa3dtaGtuTmVMTTlQTkxKcmZrUmk?oc=5,Recently published. Timing: 1 day(s) ago. Living Population in the Second Quarter of 2025 국가데이터처.,Population,,80,0.88,0,0,0,Population,"Sat, 23 May 2026 00:06:14 GMT",2026-05-24 08:03:52,https://news.google.com/rss/search?q=site%3Akostat.go.kr+%28upcoming+OR+release+OR+schedule%29+%28population+OR+demographic+OR+birth+OR+death%29&hl=en-GB&gl=GB&ceid=GB:en,2,0.5,45,1,0,3920300d5a0c86469153a57bd3148504,-1.0,23 May 2026,132.0
Living Population in the Third Quarter of 2025 - 국가데이터처,KOSTAT South Korea,Korea Official,Official,Release,2026-05-23 00:49:28,Published,https://news.google.com/rss/articles/CBMifEFVX3lxTFBUNHA1bEZYTEVzcnFYVFZUM3Y4OUFnODZpUXlKRzEyTFBHU3g2RzZBSGU4UmNoNU5GOWxuLVRwcTFFYmFzN0VUbnh5S0ZFVEJyM1p1ZjBrRU1PSXgxR3ByUmZtRkhUOGROcWdYTnNNTS13YnB5VUk3X05kNXg?oc=5,Recently published. Timing: 1 day(s) ago. Living Population in the Third Quarter of 2025 국가데이터처.,Population,,80,0.88,0,0,0,Population,"Sat, 23 May 2026 00:49:28 GMT",2026-05-24 08:03:52,https://news.google.com/rss/search?q=site%3Akostat.go.kr+%28upcoming+OR+release+OR+schedule%29+%28population+OR+demographic+OR+birth+OR+death%29&hl=en-GB&gl=GB&ceid=GB:en,2,0.5,45,1,0,ceb351b33e004d7d51346843ddebbbe4,-1.0,23 May 2026,132.0
Continued decline in the number of births - Statistikmyndigheten SCB,Statistics Sweden,EU Official,Official,Release,2026-04-16 06:34:18,Published,https://news.google.com/rss/articles/CBMiywJBVV95cUxNNHFob3NaNnU4UnJoUzVtQzlqMGVsVmhDYXlQdUZodlBkelhsalpWRDVoVEFMNkNTaDNNYWZ3R3phR2FRNGZZQ0o2eXB3R3p0ajZrUG84dVVaRF9HaUJ6STV4WThlTWQ2WTRRNHZUYXBrT282RHplRVpBS2MwbncxaHQzOHR6ZHByREl2NVQxbkNpSmwyNmV5VkllM05jaUNxSFJjWTI2QkFCOE1MeEYyQklxSlE5SnlrdHVSOEhiVUp2cVhtNVM2N0lzZXNpZ0kzSERBbElzLTN6dkhKWFUyQ1FuaVUzU0prMWYwTVdVVUg1Q1FZcVFwOVBKeDZHaGFDcHpTb0lyYmFfUmk4OGtKRmltMjhpWG91bWl1UW93RThMT25yejlaSDZPeG9NblZYc0VidklIbmg5UXptUm9aeHFyVjVDSzNWVUNn?oc=5,Recently published. Timing: 4 day(s) ago. Continued decline in the number of births Statistikmyndigheten SCB.,Fertility & Births,,72,0.88,0,0,0,Fertility & Births,"Thu, 16 Apr 2026 06:34:18 GMT",2026-04-20 18:34:54,https://news.google.com/rss/search?q=site%3Ascb.se+%28upcoming+OR+release+OR+schedule%29+%28population+OR+migration+OR+birth+OR+death%29&hl=en-GB&gl=GB&ceid=GB:en,2,0.5,15,0,0,cf2c23abce49e68ea07f6e1ffa9f427a,-38.0,16 Apr 2026,131.0
Audio Hub,UN Population Division,Global / UN,Signal,Release,2026-04-29 17:00:00,Published,http://www.bing.com/news/apiclick.aspx?ref=FexRss&aid=&tid=69f99cd46b004da091150c62541314c4&url=https%3a%2f%2fnews.un.org%2fen%2faudio-hub&c=12181708398608570524&mkt=en-us,"Recently published. Timing: 6 day(s) ago. Afghanistan is seeing a sharp rise in refugees heading home. The surge has seen the population rise by more than 10 per cent. UN News spoke to Stephanie Loose, Country Programme Manager at UN-Habitat .",Population,Migration,80,0.88,0,0,0,"Population, Migration, Housing & Families","Wed, 29 Apr 2026 17:00:00 GMT",2026-05-05 07:31:33,https://www.bing.com/news/search?q=site%3Aun.org+%28upcoming+OR+release+OR+schedule%29+%28population+OR+demographic+OR+migration+OR+fertility%29&format=rss,2,0.5,20,1,0,825985555b6aebcbb7fc7eaa79fd58cb,-25.0,29 Apr 2026,131.0
UK Biobank - UK Biobank,UK Biobank News,Biobanks,Registry,Release,2026-05-14 07:00:00,Published,https://news.google.com/rss/articles/CBMiVEFVX3lxTE42T3BnOVpYOGtOQlhCUk9fVlA2aVVOWVk2WVhCWWIxMWJhbm9hcmFlb0JIeVU1ZURYU1MzN0Zrel9JcDdwZ3JlTDlvak0wX1JUeDJjLQ?oc=5,Recently published. Timing: 5 day(s) ago. UK Biobank UK Biobank.,Biobanks & Registries,,85,0.88,0,0,0,Biobanks & Registries,"Thu, 14 May 2026 07:00:00 GMT",2026-05-19 19:26:17,https://news.google.com/rss/search?q=site%3Aukbiobank.ac.uk+%28upcoming+OR+release+OR+schedule%29+%28data+release+OR+cohort+OR+genomic+OR+health+data%29&hl=en-GB&gl=GB&ceid=GB:en,2,0.5,30,1,0,e4de7e2f9d59bf3bcab2d5dacf1b0281,-10.0,14 May 2026,131.0
How is the housing situation in the EU? - European Commission,Eurostat Release Calendar,EU Official,Official,Release,2026-05-19 09:24:50,Published,https://news.google.com/rss/articles/CBMifkFVX3lxTE1zc09oR1V2cHY3UXhzNWIzR3RnWGJpbzRMS1pjQnpOM0RXenNSMXVISTRkUWU5aFVZTUl3U3RPMVJHUkRjbTRrSDVrSE41UDdiYWwtc1J6Yy1JNXJfVVJxc1A0Q09fZ1c3ZFE5M2FDUWtlLWVoWUU4MXljUS0wdw?oc=5,Recently published. Timing: 5 day(s) ago. How is the housing situation in the EU? European Commission.,Housing & Families,,85,0.88,0,0,0,Housing & Families,"Tue, 19 May 2026 09:24:50 GMT",2026-05-24 08:03:51,https://news.google.com/rss/search?q=site%3Aec.europa.eu+%28upcoming+OR+release+OR+schedule%29+%28population+OR+demography+OR+migration+OR+asylum%29&hl=en-GB&gl=GB&ceid=GB:en,2,0.5,35,1,0,931d460d351e41b6ea3d4d0bb0d08c9d,-5.0,19 May 2026,131.0
6 takeaways from the World Social Report 2025,UN Population Division,Global / UN,Signal,Release,2026-04-30 00:21:00,Published,http://www.bing.com/news/apiclick.aspx?ref=FexRss&aid=&tid=6a061feb3b3e4f80b81aa060e35dd926&url=https%3a%2f%2fwww.un.org%2fen%2fdesa%2f6-takeaways-world-social-report-2025&c=5796799069665525805&mkt=en-us,"Recently published. Timing: 14 day(s) ago. 5 May 2025 -The world has seen extraordinary social and economic progress over the past three decades. Yet, most people are dissatisfied with their lives: 60 per cent of the world’s population are .",Population,,80,0.88,0,0,0,Population,"Thu, 30 Apr 2026 00:21:00 GMT",2026-05-14 19:18:03,https://www.bing.com/news/search?q=site%3Aun.org+%28upcoming+OR+release+OR+schedule%29+%28population+OR+demographic+OR+migration+OR+fertility%29&format=rss,2,0.5,20,1,0,91b9c326fab30ff4fd04de810a16ebe8,-24.0,30 Apr 2026,130.0
33 percent more asylum requests in Q1 of 2026 - Centraal Bureau voor de Statistiek | CBS,CBS Netherlands,EU Official,Official,Release,2026-04-30 07:00:00,Published,https://news.google.com/rss/articles/CBMiiwFBVV95cUxPTlFJdUZ2VnQ0bjNrNVZ6YU12M2N5aG52STZZa1ZNSGFfeXlvY25KelBiV0ZUVWtvcTVyZzNYeXRpdk9VdV9rc05DLUhaSzdZNGt6MDgtY3NGTV9UbWJfS2NKNVc4VWJ5bzZhUU0tbHBSLXJTclRXNmpaVThFTjA2OE0tR1NDZVZUZ09Z?oc=5,Recently published. Timing: 24 day(s) ago. 33 percent more asylum requests in Q1 of 2026 Centraal Bureau voor de Statistiek | CBS.,Migration,,74,0.88,0,0,0,Migration,"Thu, 30 Apr 2026 07:00:00 GMT",2026-05-24 08:03:52,https://news.google.com/rss/search?q=site%3Acbs.nl+%28upcoming+OR+release+OR+schedule%29+%28population+OR+migration+OR+asylum+OR+births%29&hl=en-GB&gl=GB&ceid=GB:en,2,0.5,25,0,0,ae4d9cad5933cd57c735ddcc8660c9ad,-24.0,30 Apr 2026,129.0
Labour market in the regions of the UK: May 2026,ONS Upcoming Releases,UK Official,Official,Release,2026-05-18 17:00:00,Published,http://www.bing.com/news/apiclick.aspx?ref=FexRss&aid=&tid=6a12b0e75a9341e3acead1bb89bb184a&url=https%3a%2f%2fwww.ons.gov.uk%2femploymentandlabourmarket%2fpeopleinwork%2femploymentandemployeetypes%2fbulletins%2fregionallabourmarket%2fmay2026&c=3066418794191558667&mkt=en-us,Recently published. Timing: 6 day(s) ago. Estimates from January to March 2025 include the full effect of the improvements in Labour Force Survey (LFS) data collection and sampling methods introduced from January 2024 onwards. Some volatility .,Labour & Economy,Methods & Infrastructure,82,0.88,0,0,0,"Labour & Economy, Methods & Infrastructure","Mon, 18 May 2026 17:00:00 GMT",2026-05-24 08:03:51,https://www.bing.com/news/search?q=site%3Aons.gov.uk+%28upcoming+OR+release+OR+schedule%29+%28population+OR+census+OR+migration+OR+fertility%29&format=rss,2,0.5,35,1,0,468bc9fc1860cd3dbbc356df89627ec1,-6.0,18 May 2026,129.0
Employment in the UK: May 2026,ONS Upcoming Releases,UK Official,Official,Release,2026-05-18 17:00:00,Published,http://www.bing.com/news/apiclick.aspx?ref=FexRss&aid=&tid=6a12b0e75a9341e3acead1bb89bb184a&url=https%3a%2f%2fwww.ons.gov.uk%2femploymentandlabourmarket%2fpeopleinwork%2femploymentandemployeetypes%2fbulletins%2femploymentintheuk%2flatest&c=8755199882160045283&mkt=en-us,Recently published. Timing: 6 day(s) ago. Estimates from January to March 2025 include the full effect of the improvements in Labour Force Survey (LFS) data collection and sampling methods introduced from January 2024 onwards. Some volatility .,Labour & Economy,Methods & Infrastructure,82,0.88,0,0,0,"Labour & Economy, Methods & Infrastructure","Mon, 18 May 2026 17:00:00 GMT",2026-05-24 08:03:51,https://www.bing.com/news/search?q=site%3Aons.gov.uk+%28upcoming+OR+release+OR+schedule%29+%28population+OR+census+OR+migration+OR+fertility%29&format=rss,2,0.5,35,1,0,3079a4eb43398f3dfb394d5a31b15b8d,-6.0,18 May 2026,129.0
Housing prices in Kensington and Chelsea,ONS Upcoming Releases,UK Official,Official,Release,2026-05-18 17:00:00,Published,http://www.bing.com/news/apiclick.aspx?ref=FexRss&aid=&tid=6a12b0e75a9341e3acead1bb89bb184a&url=https%3a%2f%2fwww.ons.gov.uk%2fvisualisations%2fhousingpriceslocal%2fE09000020%2f&c=14167978526794819331&mkt=en-us,"Recently published. Timing: 6 day(s) ago. Local housing data are based on a smaller number of properties than our national estimates, meaning short-term trends are more variable. We advise looking at trends over a year or longer. We regularly .",Housing & Families,,82,0.88,0,0,0,Housing & Families,"Mon, 18 May 2026 17:00:00 GMT",2026-05-24 08:03:51,https://www.bing.com/news/search?q=site%3Aons.gov.uk+%28upcoming+OR+release+OR+schedule%29+%28population+OR+census+OR+migration+OR+fertility%29&format=rss,2,0.5,35,1,0,a4c8dd1f977730cf870a89098d87f826,-6.0,18 May 2026,129.0
Housing prices in Cheshire East,ONS Upcoming Releases,UK Official,Official,Release,2026-05-18 17:00:00,Published,http://www.bing.com/news/apiclick.aspx?ref=FexRss&aid=&tid=6a12b0e75a9341e3acead1bb89bb184a&url=https%3a%2f%2fwww.ons.gov.uk%2fvisualisations%2fhousingpriceslocal%2fE06000049%2f&c=9613677088568688879&mkt=en-us,"Recently published. Timing: 6 day(s) ago. Local housing data are based on a smaller number of properties than our national estimates, meaning short-term trends are more variable. We advise looking at trends over a year or longer. We regularly .",Housing & Families,,82,0.88,0,0,0,Housing & Families,"Mon, 18 May 2026 17:00:00 GMT",2026-05-24 08:03:51,https://www.bing.com/news/search?q=site%3Aons.gov.uk+%28upcoming+OR+release+OR+schedule%29+%28population+OR+census+OR+migration+OR+fertility%29&format=rss,2,0.5,35,1,0,f5fa7c5348a640a33c593b75079777d4,-6.0,18 May 2026,129.0
"Labour market overview, UK: May 2026",ONS Upcoming Releases,UK Official,Official,Release,2026-05-18 17:00:00,Published,http://www.bing.com/news/apiclick.aspx?ref=FexRss&aid=&tid=6a12b0e75a9341e3acead1bb89bb184a&url=https%3a%2f%2fwww.ons.gov.uk%2femploymentandlabourmarket%2fpeopleinwork%2femploymentandemployeetypes%2fbulletins%2fuklabourmarket%2fmay2026&c=1606737684373668967&mkt=en-us,"Recently published. Timing: 6 day(s) ago. Estimates for payrolled employees in the UK fell by 104,000 (0.3%) between March 2025 and March 2026, and decreased by 28,000 (0.1%) between February and March 2026. This is based on administrative .",Labour & Economy,,82,0.88,0,0,0,Labour & Economy,"Mon, 18 May 2026 17:00:00 GMT",2026-05-24 08:03:51,https://www.bing.com/news/search?q=site%3Aons.gov.uk+%28upcoming+OR+release+OR+schedule%29+%28population+OR+census+OR+migration+OR+fertility%29&format=rss,2,0.5,35,1,0,57eb90c3a5421f0adc9eaa4d0a233675,-6.0,18 May 2026,129.0
Housing prices in Newcastle upon Tyne,ONS Upcoming Releases,UK Official,Official,Release,2026-05-18 17:00:00,Published,http://www.bing.com/news/apiclick.aspx?ref=FexRss&aid=&tid=6a11f3147afb453484aefef0ca616793&url=https%3a%2f%2fwww.ons.gov.uk%2fvisualisations%2fhousingpriceslocal%2fE08000021%2f&c=13296274444576159549&mkt=en-us,"Recently published. Timing: 5 day(s) ago. Local housing data are based on a smaller number of properties than our national estimates, meaning short-term trends are more variable. We advise looking at trends over a year or longer. We regularly .",Housing & Families,,82,0.88,0,0,0,Housing & Families,"Mon, 18 May 2026 17:00:00 GMT",2026-05-23 18:33:57,https://www.bing.com/news/search?q=site%3Aons.gov.uk+%28upcoming+OR+release+OR+schedule%29+%28population+OR+census+OR+migration+OR+fertility%29&format=rss,2,0.5,35,1,0,86b00a6bdbfcf0c185e4087fd7d0349e,-6.0,18 May 2026,129.0
Demography of Europe: 2026 edition out now - European Commission,Eurostat Release Calendar,EU Official,Official,Release,2026-05-21 09:00:11,Published,https://news.google.com/rss/articles/CBMifkFVX3lxTE5IaF9MU0lDdFRreWo2VE51R19ya1otY2dRUHoyQXhfa0dYdjcwMXFldDNIc29jNGZGbV9pUndCcGpSN1Q4bFduRDR6Q2tkc2VKcUpEdDlFYUloRzJROWo3Tl8zLWxiTFMyZ29xbVR4d1V3VG5USlBaLUphQ1ZHQQ?oc=5,Recently published. Timing: 3 day(s) ago. Demography of Europe: 2026 edition out now European Commission.,Population,,85,0.88,0,0,0,Population,"Thu, 21 May 2026 09:00:11 GMT",2026-05-24 08:03:50,https://news.google.com/rss/search?q=site%3Aec.europa.eu+%28upcoming+OR+release+OR+schedule%29+%28population+OR+demography+OR+migration+OR+asylum%29&hl=en-GB&gl=GB&ceid=GB:en,2,0.5,35,1,0,23ad6411ce41d77153fbee3f62ff1e66,-3.0,21 May 2026,129.0
Demography of Europe – 2026 edition - European Commission,Eurostat Release Calendar,EU Official,Official,Release,2026-05-21 12:44:55,Published,https://news.google.com/rss/articles/CBMif0FVX3lxTE53RzFhSnlDb25FOVgxeDZxZFVWU0xnNTFXX2tWbHNtMmJISFJkd09NNE9PVXpOVUlabHBrSGpPY1h5Rm5Da2xKeVA2NXhTc2lsbU9UY19zTHRRTGpKSi1IUWtzSzN4SUVtMVM1a0w1YzAwMWU1dlYzTDBKbko2Uzg?oc=5,Recently published. Timing: 3 day(s) ago. Demography of Europe – 2026 edition European Commission.,Population,,85,0.88,0,0,0,Population,"Thu, 21 May 2026 12:44:55 GMT",2026-05-24 08:03:50,https://news.google.com/rss/search?q=site%3Aec.europa.eu+%28upcoming+OR+release+OR+schedule%29+%28population+OR+demography+OR+migration+OR+asylum%29&hl=en-GB&gl=GB&ceid=GB:en,2,0.5,35,1,0,977306335af7b9a5a2a38f29f6cac149,-3.0,21 May 2026,129.0
"Earnings and employment from Pay As You Earn Real Time Information, UK: May 2026 - Office for National Statistics",ONS Upcoming Releases,UK Official,Official,Release,2026-05-19 06:31:15,Published,https://news.google.com/rss/articles/CBMi9AFBVV95cUxPWEY2QUU1QlEzM3dGZUlzVzYwRXZPUEF1NU1sTU0yNWxxS2dDejVySkxpaFAyX1dQVjlscGdTZUptNVZfb0NDV09wZU1wWG9mcVo3X3J0TVRBb2dVUHNadWc3VnJ1S2N3WEVZUzhLSDJtN3k0azdScHpCdWJfbXhJU3hVTnV5NGtVUEFBdzIzMzhxOHNhVW9wSnd2ZmNtTVBtSVJuWVZrMHpjUEZjVl8tbUtwY0FwSjR6YlExZHp5Yi1CZVJCUHR5ZGZnMUtCOHhIR29ydVgxcHFHcXlQWmxwcWJHN2t1Z3M0S3VhamFVdzB2SmRS?oc=5,"Recently published. Timing: 5 day(s) ago. Earnings and employment from Pay As You Earn Real Time Information, UK: May 2026 Office for National Statistics.",Labour & Economy,,82,0.88,0,0,0,Labour & Economy,"Tue, 19 May 2026 06:31:15 GMT",2026-05-24 08:03:45,https://news.google.com/rss/search?q=site%3Aons.gov.uk+%28upcoming+OR+release+OR+schedule%29+%28population+OR+census+OR+migration+OR+fertility%29&hl=en-GB&gl=GB&ceid=GB:en,2,0.5,35,1,0,611116a3da8f4bc1b07ccb05f6d923cb,-5.0,19 May 2026,128.0
Employment in the UK: May 2026 - Office for National Statistics,ONS Upcoming Releases,UK Official,Official,Release,2026-05-19 07:56:41,Published,https://news.google.com/rss/articles/CBMiwgFBVV95cUxPUWhLanpVbjF1OVJ2VHFnV2U2ZW1CMi1RZkQ5UGhtX0JzYnZKM0NmV1FiRUtGZzdwUFZrMHN1dTVMR0RYUzZocllmQnFieDlZT2tlNFB5eUdCaHlERnRJSWZnRWc1NkpDSHlWcGU1Z3BuajlpOXBrVmJMd1BDdW9vN3VyRkFNWmVaYVlLQkRpczFUdmhXRFpnYkJrRWRpSzVjZTNxcUtNSmNOcEVUWEVGWXJwanBXdHk4NGhaTUdvZTJQQQ?oc=5,Recently published. Timing: 5 day(s) ago. Employment in the UK: May 2026 Office for National Statistics.,Labour & Economy,,82,0.88,0,0,0,Labour & Economy,"Tue, 19 May 2026 07:56:41 GMT",2026-05-24 08:03:45,https://news.google.com/rss/search?q=site%3Aons.gov.uk+%28upcoming+OR+release+OR+schedule%29+%28population+OR+census+OR+migration+OR+fertility%29&hl=en-GB&gl=GB&ceid=GB:en,2,0.5,35,1,0,25d72f0436bed1e78d5d95d3bd7c883a,-5.0,19 May 2026,128.0
"Labour market overview, UK: May 2026 - Office for National Statistics",ONS Upcoming Releases,UK Official,Official,Release,2026-05-19 20:54:31,Published,https://news.google.com/rss/articles/CBMivgFBVV95cUxNT3UtSHdHYUxjaEVEZm1wQU1QeDlzaFZIMDZrSG5GLV9CaENqYnA0ZWhMcXlkUXpJeWxidlg1akQ3M3B1d3A4d1NxN1BPQnh5UkFBM3hEbFJ4SFVFcHFab0FuYUo5Y3EzbkQya0tWaUpPRGNKS2lfTTlnUlBOVmRXUXd6WVI1bWlFUGtyQ2RDSDU2M3ZlMlB6WmFOWV9McXdpbjBnQWlfT2pLZ2pKTlpXRWZvSUlLV0VzNlZVNTRR?oc=5,"Recently published. Timing: 3 day(s) ago. Labour market overview, UK: May 2026 Office for National Statistics.",Labour & Economy,,82,0.88,0,0,0,Labour & Economy,"Tue, 19 May 2026 20:54:31 GMT",2026-05-22 08:37:22,https://news.google.com/rss/search?q=site%3Aons.gov.uk+%28upcoming+OR+release+OR+schedule%29+%28population+OR+census+OR+migration+OR+fertility%29&hl=en-GB&gl=GB&ceid=GB:en,2,0.5,35,1,0,988b81c913adb29b55fcb31a033c6ca1,-5.0,19 May 2026,128.0
"Private rent and house prices, UK - Office for National Statistics",ONS Upcoming Releases,UK Official,Official,Release,2026-05-20 12:04:01,Published,https://news.google.com/rss/articles/CBMiowFBVV95cUxQOEJIM3Zla3RodURPWVVBb09XbXZ2VzZjVkMzYnNuVWVZTlpKeWIxb2NSWXFwQUxCVXViUEVVTlp1Y01zX0hLTFdWR0ExWDBCN2hGQTA1QnQ4LUpNUFIyeThRalJLT2liODJpMVNZX0p4S09UU2VMWmd0cndPcGxQNDFCZWJaQXVHa0Q5N2NqWHZIN3hGVEpwWnR1NDVWWFB2VlVv?oc=5,"Recently published. Timing: 2 day(s) ago. Private rent and house prices, UK Office for National Statistics.",Housing & Families,,82,0.88,0,0,0,Housing & Families,"Wed, 20 May 2026 12:04:01 GMT",2026-05-22 08:37:22,https://news.google.com/rss/search?q=site%3Aons.gov.uk+%28upcoming+OR+release+OR+schedule%29+%28population+OR+census+OR+migration+OR+fertility%29&hl=en-GB&gl=GB&ceid=GB:en,2,0.5,35,1,0,963774cb59a21d28680d3564532e03cf,-4.0,20 May 2026,127.0
"Private rent and house prices, UK: May 2026 - Office for National Statistics",ONS Upcoming Releases,UK Official,Official,Release,2026-05-20 13:54:33,Published,https://news.google.com/rss/articles/CBMiowFBVV95cUxQOEJIM3Zla3RodURPWVVBb09XbXZ2VzZjVkMzYnNuVWVZTlpKeWIxb2NSWXFwQUxCVXViUEVVTlp1Y01zX0hLTFdWR0ExWDBCN2hGQTA1QnQ4LUpNUFIyeThRalJLT2liODJpMVNZX0p4S09UU2VMWmd0cndPcGxQNDFCZWJaQXVHa0Q5N2NqWHZIN3hGVEpwWnR1NDVWWFB2VlVv?oc=5,"Recently published. Timing: 4 day(s) ago. Private rent and house prices, UK: May 2026 Office for National Statistics.",Housing & Families,,82,0.88,0,0,0,Housing & Families,"Wed, 20 May 2026 13:54:33 GMT",2026-05-24 08:03:45,https://news.google.com/rss/search?q=site%3Aons.gov.uk+%28upcoming+OR+release+OR+schedule%29+%28population+OR+census+OR+migration+OR+fertility%29&hl=en-GB&gl=GB&ceid=GB:en,2,0.5,35,1,0,1c4b45db36f86b755e1a0dda669b6e74,-4.0,20 May 2026,127.0
UK trade with the United States - Office for National Statistics,ONS Upcoming Releases,UK Official,Official,Release,2026-05-01 10:25:41,Published,https://news.google.com/rss/articles/CBMikgJBVV95cUxPQXpOajgyM24wb0lXMWEyZkIzSDBOdVlhTXRubGpZbTdiZVVBT194TjdHZFI1N1JmVjJTWkNKdGtNNnRrejB2R18yOWtDbXB3MlVUZ240VmhtSjF1NmZqSGlCSlNjLTdWQlJkbS0yMmM5bHpkWEF4OW84QjdtZ1BPSlFoZ2ExU29KM3d4dC1KOEZlbzlHNG5sYzVnRUVIY3MxSThqcWczTlMwd3pSVkVpWVdqczBBbUZ6T2Z0R0pkRXZ6V2pwTDFZYnFnNXdFdzRXUENpcXczVGhEdXEzU01JM1FKOU1vTWpQcXFUcXJCR2dkTTl2cmUzalc4WC1TNkkxTlBQaWd4dVdyeWkzLUtqVElR?oc=5,Recently published. Timing: 8 day(s) ago. UK trade with the United States Office for National Statistics.,General,,82,0.88,0,0,0,,"Fri, 01 May 2026 10:25:41 GMT",2026-05-09 18:13:52,https://news.google.com/rss/search?q=site%3Aons.gov.uk+%28upcoming+OR+release+OR+schedule%29+%28population+OR+census+OR+migration+OR+fertility%29&hl=en-GB&gl=GB&ceid=GB:en,2,0.5,15,1,0,239a50a9af5124af5c4c45a7824f7017,-23.0,01 May 2026,126.0
Commission welcomes the Council of Europe declaration on migration - European Commission,Eurostat Release Calendar,EU Official,Official,Release,2026-05-14 07:00:00,Published,https://news.google.com/rss/articles/CBMickFVX3lxTFBkbkoxUXVrWEtEVmJWNDNGZXcwbC1aR05Kc3EtckpKQk9KbnFhT2NaOEt4UnpCTEpSMTRabzh1YlZmN2NIelNNaEZPZWt4SmNVbTBxYmt3QWdfRkRtZGZBVUxGNzFNVDNySXhCTU5kR2RBdw?oc=5,Recently published. Timing: 8 day(s) ago. Commission welcomes the Council of Europe declaration on migration European Commission.,Migration,,85,0.88,0,0,0,Migration,"Thu, 14 May 2026 07:00:00 GMT",2026-05-22 19:12:52,https://news.google.com/rss/search?q=site%3Aec.europa.eu+%28upcoming+OR+release+OR+schedule%29+%28population+OR+demography+OR+migration+OR+asylum%29&hl=en-GB&gl=GB&ceid=GB:en,2,0.5,25,1,0,a4c06d1e63654f7c201b246ab73ec4b4,-10.0,14 May 2026,126.0
"World News in Brief: Civilians at risk in Gaza and West Bank, Duterte to go on trial in ICC, Yemen detainees update - UN News",UN Population Division,Global / UN,Signal,Release,2026-04-23 18:45:30,Published,https://news.google.com/rss/articles/CBMiV0FVX3lxTE5acFZOVy1jaXVsYV9HR2VDOE5oZmRNZXA0ekNPZW9YMjZ5bWhJRm5ycjdrelV5bnBVN1lWc2FrbXJWWFlJYnNaWEc0Z2JyQVlSMEI5QzA3Zw?oc=5,"Recently published. Timing: 6 day(s) ago. World News in Brief: Civilians at risk in Gaza and West Bank, Duterte to go on trial in ICC, Yemen detainees update UN News.",General,,80,0.88,0,0,0,,"Thu, 23 Apr 2026 18:45:30 GMT",2026-04-29 18:56:09,https://news.google.com/rss/search?q=site%3Aun.org+%28upcoming+OR+release+OR+schedule%29+%28population+OR+demographic+OR+migration+OR+fertility%29&hl=en-GB&gl=GB&ceid=GB:en,2,0.5,0,1,0,9052682d29c1dc56f95e73afdf6a260e,-31.0,23 Apr 2026,117.0
"World News in Brief: Civilians at risk in Gaza and West Bank, Duterte to go on trial in ICC, Yemen detainees update - Welcome to the United Nations",UN Population Division,Global / UN,Signal,Release,2026-04-23 18:45:30,Published,https://news.google.com/rss/articles/CBMiV0FVX3lxTE5acFZOVy1jaXVsYV9HR2VDOE5oZmRNZXA0ekNPZW9YMjZ5bWhJRm5ycjdrelV5bnBVN1lWc2FrbXJWWFlJYnNaWEc0Z2JyQVlSMEI5QzA3Zw?oc=5,"Recently published. Timing: 5 day(s) ago. World News in Brief: Civilians at risk in Gaza and West Bank, Duterte to go on trial in ICC, Yemen detainees update Welcome to the United Nations.",General,,80,0.88,0,0,0,,"Thu, 23 Apr 2026 18:45:30 GMT",2026-04-28 19:07:29,https://news.google.com/rss/search?q=site%3Aun.org+%28upcoming+OR+release+OR+schedule%29+%28population+OR+demographic+OR+migration+OR+fertility%29&hl=en-GB&gl=GB&ceid=GB:en,2,0.5,0,1,0,5f0170fedbcea7f2c5af0bf5461a03a1,-31.0,23 Apr 2026,117.0
OCHA Humanitarian Situation Report – 23 April 2026 - Welcome to the United Nations,UN Population Division,Global / UN,Signal,Release,2026-04-24 20:11:21,Published,https://news.google.com/rss/articles/CBMijgFBVV95cUxPYVR5QzhnNDg3ZUs3MUk5Xy04eEs4QXlENUw2blR1QUMxckVtM1dQUmtsTF8wSm03UkVVLTFhNWQ0RTJ6TzFzVnRQbVlDXzN4MEZVRFNmM3duSnBvWWdaUjBOa1V3dG1zbFRQOHJrVy05aU9vdnBacl9wMkRfNzN0V0owMVM1Mjd0TXlUc1l3?oc=5,Recently published. Timing: 7 day(s) ago. OCHA Humanitarian Situation Report – 23 April 2026 Welcome to the United Nations.,General,,80,0.88,0,0,0,,"Fri, 24 Apr 2026 20:11:21 GMT",2026-05-01 18:38:53,https://news.google.com/rss/search?q=site%3Aun.org+%28upcoming+OR+release+OR+schedule%29+%28population+OR+demographic+OR+migration+OR+fertility%29&hl=en-GB&gl=GB&ceid=GB:en,2,0.5,0,1,0,042649de623f10579d6085c0707c470c,-30.0,24 Apr 2026,116.0
"Birth, Death and Marriage Records - National Records of Scotland",NRS Scotland,UK Official,Official,Release,2026-05-19 07:00:00,Published,https://news.google.com/rss/articles/CBMioAFBVV95cUxPSlZkRWduN2ZVZFJIQS00b2FuSFFnMVV2ckFkX3JmRVdNc1RvbnlsRUVpdjctMkxTUWZKbDZGMlBHLTdNeXFLeS1SWVpLNzNxNm5iZmJLc1BTdlZFOW01ZGZqbExuZG5ycVVFMVNjU2tDWEliTHJLT0JzNVJVS3BpUkRJaXN2RFlyOXBNNV9jMEJoTnhzMTlqLVFCZlNKMDJI?oc=5,"Recently published. Timing: 5 day(s) ago. Birth, Death and Marriage Records National Records of Scotland.",Fertility & Births,Mortality & Health,80,0.88,0,0,0,"Fertility & Births, Mortality & Health, Housing & Families","Tue, 19 May 2026 07:00:00 GMT",2026-05-24 08:03:53,https://news.google.com/rss/search?q=site%3Anrscotland.gov.uk+%28upcoming+OR+release+OR+schedule%29+%28population+OR+birth+OR+death+OR+migration%29&hl=en-GB&gl=GB&ceid=GB:en,2,0.5,25,1,0,49d06b12aa3927f24607bdf35f4bed70,-5.0,19 May 2026,116.0
Net migration continues to fall - Office for National Statistics,ONS Upcoming Releases,UK Official,Official,Release,2026-05-21 08:30:18,Published,https://news.google.com/rss/articles/CBMidkFVX3lxTE8tcEgtVHV2OHJ2MWlrRDFVQ0tXWkVIdWFFTnNqU3dzZ3lYeU9hdlJCdk9lZllSUkhPUS1xYXN6OUJTZ0lzUWJmTGt3WE9YYi0ySExZQmtiX3IydTB0NVhEbWlfX2FzZ050Y3phZHRGSE1vVWFrZlHSAXtBVV95cUxOUmJ1T2tFM3JFNzZmcXFCUnJ5QkRROW1JdFVoZjBOLV92OUJpTXp5R3dRRXJSYk9GanVKVF9Wa3N4R2lNR20xZmo1N2xwUkZRQVBLb3RycGJpbkpHM2J2Ty1XX2VKOFMxNzlRMTlsMmpkTlFOekZnVkJ3N2M?oc=5,Recently published. Timing: 3 day(s) ago. Net migration continues to fall Office for National Statistics.,Migration,,82,0.88,0,0,0,Migration,"Thu, 21 May 2026 08:30:18 GMT",2026-05-24 08:03:45,https://news.google.com/rss/search?q=site%3Aons.gov.uk+%28upcoming+OR+release+OR+schedule%29+%28population+OR+census+OR+migration+OR+fertility%29&hl=en-GB&gl=GB&ceid=GB:en,2,0.5,25,1,0,a93a39fa217ac02518b39164edcf1c60,-3.0,21 May 2026,116.0
"Long-term international migration, provisional: year ending December 2025 - Office for National Statistics",ONS Upcoming Releases,UK Official,Official,Release,2026-05-21 08:51:09,Published,https://news.google.com/rss/articles/CBMiggJBVV95cUxObTNqaEtxVmlXQTc3UTJxM3h5NElubW1UemNuS3ZqajlzWDk3ZHIzVVlucFJYcklQRlhkWWZOc2lXTFY0Rmp4OTl6WWhTbDNZMkhxVzBrVHZEejhWQnM2M1FlZGpoUERRMW1qcEVPZ2stTGFIQ3BGcGl1bHgwdlhiSG5icmlDeFdBdVBDSGdTemgyTUxQcWVfcDYyZnhoeTZ1M1dkSndQdmJHUjQwc3R6Q0VRcm0zVjZzaDlKQXB6WjdBVV9zdmJWdlFvNkYxdjE2NGdSckVQYkJtSWZZbG9CdnRadlJVUmJoblFRcUFfa0dvWTJzN3JDdlU0Wm5IV2ljYVE?oc=5,"Recently published. Timing: 3 day(s) ago. Long-term international migration, provisional: year ending December 2025 Office for National Statistics.",Migration,,82,0.88,0,0,0,Migration,"Thu, 21 May 2026 08:51:09 GMT",2026-05-24 08:03:45,https://news.google.com/rss/search?q=site%3Aons.gov.uk+%28upcoming+OR+release+OR+schedule%29+%28population+OR+census+OR+migration+OR+fertility%29&hl=en-GB&gl=GB&ceid=GB:en,2,0.5,25,1,0,e567b760178b300b19ac69a2cf0f9bf4,-3.0,21 May 2026,116.0
UK emigration explained: what we know about Brits moving abroad - Office for National Statistics,ONS Upcoming Releases,UK Official,Official,Release,2026-05-21 09:49:26,Published,https://news.google.com/rss/articles/CBMigAJBVV95cUxPUHlKck5LOGhLTndDMjlFdEJjWHFUaTlYZTM5V2g4SVZDWU12d1FfbDRPd3lsVUxiZG9OQ2xPREV5X1V1anVkMjJ4dm1FUW9RUld6azY0MG9ra1RzRkN0dEZqZlZaLVJpTTl5UV9EWnVKT0w4THQ4WTVfYUoxQ3d5Wl9ySC1uaEJFYUl3MGhIV0hYTklJMV8yNlprbXRLa1duaGxRRGRSUEhlSnB6amZ6aDFMSkZUNHdCUTR2aVBpVWFUbHdlVDRfQlFZLXVMQWl5ZkxpX3dYNHdCLVczQ0xWNFV2b3NzRW5YbjlWaXByczExejFsenlOaUVIejNNVzMw?oc=5,Recently published. Timing: 3 day(s) ago. UK emigration explained: what we know about Brits moving abroad Office for National Statistics.,Migration,,82,0.88,0,0,0,Migration,"Thu, 21 May 2026 09:49:26 GMT",2026-05-24 08:03:45,https://news.google.com/rss/search?q=site%3Aons.gov.uk+%28upcoming+OR+release+OR+schedule%29+%28population+OR+census+OR+migration+OR+fertility%29&hl=en-GB&gl=GB&ceid=GB:en,2,0.5,25,1,0,ce1873ca1066664db3a87d6a954429e3,-3.0,21 May 2026,116.0
Work injury payments (exkluding survivor's work injury annuity payments),Statistics Sweden,EU Official,Official,Release,2026-07-05 00:00:00,Upcoming,https://www.scb.se/SF0207-en,Upcoming release. Timing: 46 day(s) from now. Moved from due to problems with input data delivery.,General,,92,0.88,0,0,0,,2026-05-07,2026-05-20 19:39:29,https://www.scb.se/en/finding-statistics/publishing-calendar/,0,0.971,45,1,0,855ac579a4a48c4583b36f4a52c5aaa3,42.0,05 Jul 2026,114.0
Government expenditure in the UK - Office for National Statistics,ONS Upcoming Releases,UK Official,Official,Release,2026-05-18 09:22:01,Published,https://news.google.com/rss/articles/CBMiwwFBVV95cUxNSDZzZV9oY0pLMDFUSzFTTUdzNDRISUFPeTM0aW85MFhKdlBXRU1xSmdhaXY2VExfTnlDNUkzNENZai03SzBQR2pERVpxclNNSGc1bmM2bFB4ZDEyOUl5WWRIZkFPQncyV2NWVzN1eDRjbG5IZGhqT3dyTjZxX0J6blFhRzFkS3hEdXB2NGFiUVpCY0cyRUlsMF82SkR2N0NmaHFEaXpuOW1JVERyYWlhNy0yN2xnd2xiZ2VRNE95Yl8tUDA?oc=5,Recently published. Timing: 6 day(s) ago. Government expenditure in the UK Office for National Statistics.,General,,82,0.88,0,0,0,,"Mon, 18 May 2026 09:22:01 GMT",2026-05-24 08:03:45,https://news.google.com/rss/search?q=site%3Aons.gov.uk+%28upcoming+OR+release+OR+schedule%29+%28population+OR+census+OR+migration+OR+fertility%29&hl=en-GB&gl=GB&ceid=GB:en,2,0.5,15,1,0,68fd7c61ebd0d94f45dbf9452b8e716e,-6.0,18 May 2026,109.0
Administrative Statistics by Life Cycle in 2022 - 국가데이터처,KOSTAT South Korea,Korea Official,Official,Release,2026-05-20 10:08:42,Published,https://news.google.com/rss/articles/CBMifEFVX3lxTFB1REVuLXpwZm0zS0lzQlRIUElJTUM4SzJiNkhIZUNETmFvdk1UOTY4WlhEdzdldnlpdjJXRGo2N3pubjUwUjFaV0FpQ2ZUOTlSNTlMYm1yQkN1TUhuSV9lRjcxbHN6bmNDb0hZVG5XeFZYV1A2WTY1SXprY28?oc=5,Recently published. Timing: 4 day(s) ago. Administrative Statistics by Life Cycle in 2022 국가데이터처.,General,,80,0.88,0,0,0,,"Wed, 20 May 2026 10:08:42 GMT",2026-05-24 08:03:52,https://news.google.com/rss/search?q=site%3Akostat.go.kr+%28upcoming+OR+release+OR+schedule%29+%28population+OR+demographic+OR+birth+OR+death%29&hl=en-GB&gl=GB&ceid=GB:en,2,0.5,15,1,0,264b93a65e248dbd28544f0d7ec56059,-4.0,20 May 2026,105.0
Administrative Statistics by Life Cycle in 2022 - kostat.go.kr,KOSTAT South Korea,Korea Official,Official,Release,2026-05-20 10:08:42,Published,https://news.google.com/rss/articles/CBMifEFVX3lxTFB1REVuLXpwZm0zS0lzQlRIUElJTUM4SzJiNkhIZUNETmFvdk1UOTY4WlhEdzdldnlpdjJXRGo2N3pubjUwUjFaV0FpQ2ZUOTlSNTlMYm1yQkN1TUhuSV9lRjcxbHN6bmNDb0hZVG5XeFZYV1A2WTY1SXprY28?oc=5,Recently published. Timing: 1 day(s) ago. Administrative Statistics by Life Cycle in 2022 kostat.go.kr.,General,,80,0.88,0,0,0,,"Wed, 20 May 2026 10:08:42 GMT",2026-05-21 19:26:23,https://news.google.com/rss/search?q=site%3Akostat.go.kr+%28upcoming+OR+release+OR+schedule%29+%28population+OR+demographic+OR+birth+OR+death%29&hl=en-GB&gl=GB&ceid=GB:en,2,0.5,15,1,0,82e8f99d83240d1d20402efba13c6418,-4.0,20 May 2026,105.0
Resolutions of the 72nd session,UN Population Division,Global / UN,Signal,Release,2026-05-07 22:48:00,Published,http://www.bing.com/news/apiclick.aspx?ref=FexRss&aid=&tid=6a10aabc09bf4b3fa260a067e05b5467&url=https%3a%2f%2fwww.un.org%2fen%2fga%2f72%2fresolutions.shtml&c=2753208181329115463&mkt=en-us,Recently published. Timing: 15 day(s) ago. List prepared and maintained by the Dag Hammarskjöld Library.,General,,80,0.88,0,0,0,,"Thu, 07 May 2026 22:48:00 GMT",2026-05-22 19:13:00,https://www.bing.com/news/search?q=site%3Aun.org+%28upcoming+OR+release+OR+schedule%29+%28population+OR+demographic+OR+migration+OR+fertility%29&format=rss,2,0.5,0,1,0,a825600567b19497db7cf39383481e5a,-17.0,07 May 2026,103.0
Vital Statistics in September 2025 | Total | Press Releases : Ministry of Data and Statistics - 국가데이터처,KOSTAT South Korea,Korea Official,Official,Release,2026-05-23 03:46:59,Published,https://news.google.com/rss/articles/CBMiqgFBVV95cUxNbDFMMXpNUUd1U0xmM1hiV3gyS2l4dHZEYy1pNm0zWWlIaXJkM3ozeE5PWXZBLW45SkdOQkNlWDkxRzhaM2NHY1RyUnB0ejFyeTNGTVEtRW9McU1keU5vMndQYmFhWmpFM0pIaTBPU1dkX2ROQ05LSEYtY1FILTh5QVZSN2NIejJVRjVZaWwxWnlidmhweUFhY3B1cFplRXBZWkZodWxoMlk3UQ?oc=5,Recently published. Timing: 1 day(s) ago. Vital Statistics in September 2025 | Total | Press Releases : Ministry of Data and Statistics 국가데이터처.,General,,80,0.88,0,0,0,,"Sat, 23 May 2026 03:46:59 GMT",2026-05-24 08:03:52,https://news.google.com/rss/search?q=site%3Akostat.go.kr+%28upcoming+OR+release+OR+schedule%29+%28population+OR+demographic+OR+birth+OR+death%29&hl=en-GB&gl=GB&ceid=GB:en,2,0.5,15,1,0,dd9a1f4d0e3db85b1ffafe923f3e1a9b,-1.0,23 May 2026,102.0
Counting What Counts - Welcome to the United Nations,UN Population Division,Global / UN,Signal,Release,2026-05-14 16:33:32,Published,https://news.google.com/rss/articles/CBMinAFBVV95cUxNaGJUMjdXR0p5QXBHVXlTV0hVQXpzZUFHMXJHQnBpNThMQjQ4M2ZFbXZpVUotbDZCRVp6Z1VPdFViRV9JSWp4M054X25nWnQtZXlfWFNncTRPQTlKOW9uMVJBWXRuOXkzSEQ1WDVhdTJ6Q3JLMDI1dVR0V1NqdDZzd1g4ajExUWc3Mi1xVzlYRWNFRHZjMGY2a1E4Q1E?oc=5,Recently published. Timing: 2 day(s) ago. Counting What Counts Welcome to the United Nations.,General,,80,0.88,0,0,0,,"Thu, 14 May 2026 16:33:32 GMT",2026-05-16 18:13:34,https://news.google.com/rss/search?q=site%3Aun.org+%28upcoming+OR+release+OR+schedule%29+%28population+OR+demographic+OR+migration+OR+fertility%29&hl=en-GB&gl=GB&ceid=GB:en,2,0.5,0,1,0,a402cc0239c049bb3675aa3289d1b9bf,-10.0,14 May 2026,96.0
"Women, Gender Equality and Climate Change",UN Population Division,Global / UN,Signal,Release,2026-05-17 14:57:00,Published,http://www.bing.com/news/apiclick.aspx?ref=FexRss&aid=&tid=6a12b0f03dec4aa8a0f9981c73225cd0&url=https%3a%2f%2fwww.un.org%2fwomenwatch%2ffeature%2fclimate_change%2ffactsheet.html&c=5525620086183222346&mkt=en-us,"Recently published. Timing: 7 day(s) ago. Download the fact sheet in PDF Format (694 K). If you do not have Adobe PDF Reader installed, click here to download the free software. Detrimental effects of climate change can be felt in the .",Methods & Infrastructure,,80,0.88,0,0,0,Methods & Infrastructure,"Sun, 17 May 2026 14:57:00 GMT",2026-05-24 08:04:00,https://www.bing.com/news/search?q=site%3Aun.org+%28upcoming+OR+release+OR+schedule%29+%28population+OR+demographic+OR+migration+OR+fertility%29&format=rss,2,0.5,0,1,0,f8066a2fcf965f3b497c63a8674d122f,-7.0,17 May 2026,93.0
Health and Society,KOSTAT South Korea,Korea Official,Official,Announcement,,Announcement,https://kostat.go.kr/menu.es?mid=a20205010000,,Mortality & Health,,80,0.63,0,0,0,"Mortality & Health, Academic Priority",,2026-03-16 18:14:53,https://kostat.go.kr/anse/,0,0.684,35,1,1,8d3545f2480c81c2729af87682f62230,,Date TBC,-236.0
Population and Household,KOSTAT South Korea,Korea Official,Official,Announcement,,Announcement,https://kostat.go.kr/menu.es?mid=a20208010000,,Population,,65,0.63,0,0,0,Population,,2026-05-23 07:54:52,https://kostat.go.kr/anse/,0,0.838,45,0,0,0113888c327bd412a4ab0d961f55049a,,Date TBC,-238.0
Population statistics,Statistics Sweden,EU Official,Official,Announcement,,Announcement,https://www.scb.se/BE0101-en,,Population,,57,0.63,0,0,0,Population,,2026-05-12 19:17:45,https://www.scb.se/en/finding-statistics/publishing-calendar/,0,0.968,45,0,0,737005b558a833b5c418ea2adf3f01e1,,Date TBC,-244.0
Population by Labour market status,Statistics Sweden,EU Official,Official,Announcement,,Announcement,https://www.scb.se/AM0210-en,,Population,Labour & Economy,57,0.63,0,0,0,"Population, Labour & Economy",,2026-04-28 19:07:22,https://www.scb.se/en/finding-statistics/publishing-calendar/,0,0.96,45,0,0,496f7d878ed83d9a51e5775e02d0d62a,,Date TBC,-244.0
Educational attainment of the population,Statistics Sweden,EU Official,Official,Announcement,,Announcement,https://www.scb.se/UF0506-en,,Population,,57,0.63,0,0,0,Population,,2026-04-27 18:49:45,https://www.scb.se/en/finding-statistics/publishing-calendar/,0,0.96,45,0,0,6131d83f19fd95b9adcbc6c02ea1d9d5,,Date TBC,-244.0
Population projections,Statistics Sweden,EU Official,Official,Announcement,,Announcement,https://www.scb.se/BE0401-en,,Population,,57,0.63,0,0,0,Population,,2026-04-16 18:43:39,https://www.scb.se/en/finding-statistics/publishing-calendar/,0,0.951,45,0,0,66667c5e7de3905470a5b0c41d3e5c5b,,Date TBC,-244.0
Analysis and statistics concerning education of the population,Statistics Sweden,EU Official,Official,Announcement,,Announcement,https://www.scb.se/UF0549-en,,Population,,57,0.63,0,0,0,Population,,2026-04-01 18:10:37,https://www.scb.se/en/finding-statistics/publishing-calendar/,0,0.931,45,0,0,d85d9620e0cf56917c1bf249a6309749,,Date TBC,-244.0
Employment and Labour,KOSTAT South Korea,Korea Official,Official,Announcement,,Announcement,https://kostat.go.kr/menu.es?mid=a20204010000,,Labour & Economy,,65,0.63,0,0,0,Labour & Economy,,2026-05-23 07:54:52,https://kostat.go.kr/anse/,0,0.838,35,0,0,86a82db87a2ea2d687aa8782925542f0,,Date TBC,-248.0
Household Economy,KOSTAT South Korea,Korea Official,Official,Announcement,,Announcement,https://kostat.go.kr/menu.es?mid=a20206010000,,Population,,65,0.63,0,0,0,Population,,2026-05-23 07:54:52,https://kostat.go.kr/anse/,0,0.838,35,0,0,26772afbe050e82ca3bc2613cb354072,,Date TBC,-248.0
Statistics on Dental Health,Statistics Sweden,EU Official,Official,Announcement,,Announcement,https://www.scb.se/HS0119-en,,Mortality & Health,,57,0.63,0,0,0,Mortality & Health,,2026-05-24 08:03:46,https://www.scb.se/en/finding-statistics/publishing-calendar/,0,0.972,35,0,0,42e3769069bd67b5a4eda7e40f732582,,Date TBC,-254.0
Household Consumption,Statistics Sweden,EU Official,Official,Announcement,,Announcement,https://www.scb.se/HE0203-en,Weekly indicator.,Population,,57,0.73,0,0,0,Population,,2026-05-24 08:03:46,https://www.scb.se/en/finding-statistics/publishing-calendar/,0,0.972,35,0,0,801edbc61505bf2c5988e724727aefde,,Date TBC,-254.0
Demographic Analysis,Statistics Sweden,EU Official,Official,Announcement,,Announcement,https://www.scb.se/BE0701-en,Life expectancy by level of education.,Population,Mortality & Health,57,0.73,0,0,0,"Population, Mortality & Health",,2026-05-24 08:03:46,https://www.scb.se/en/finding-statistics/publishing-calendar/,0,0.972,35,0,0,6663f6ae56fb7af0190a2114eb5dc047,,Date TBC,-254.0
Labour Force Surveys,Statistics Sweden,EU Official,Official,Announcement,,Announcement,https://www.scb.se/AM0401-en,,Labour & Economy,,57,0.63,0,0,0,Labour & Economy,,2026-05-21 19:26:17,https://www.scb.se/en/finding-statistics/publishing-calendar/,0,0.971,35,0,0,ad195bc37162ab8e65bcfee05711e7a5,,Date TBC,-254.0
"Activity compensation, sickness compensation and housing supplement",Statistics Sweden,EU Official,Official,Announcement,,Announcement,https://www.scb.se/SF0206-en,,Housing & Families,,57,0.63,0,0,0,Housing & Families,,2026-05-19 19:26:11,https://www.scb.se/en/finding-statistics/publishing-calendar/,0,0.97,35,0,0,c7b30d6d1ddda1d4d27292eaa5c530f1,,Date TBC,-254.0
Wage and salary structures and employment in the central government sector,Statistics Sweden,EU Official,Official,Announcement,,Announcement,https://www.scb.se/AM0104-en,,Labour & Economy,,57,0.63,0,0,0,Labour & Economy,,2026-05-19 19:26:11,https://www.scb.se/en/finding-statistics/publishing-calendar/,0,0.97,35,0,0,a889134d415987a3ed64ac0f96b7f072,,Date TBC,-254.0
Wage and salary structures and employment in county councils,Statistics Sweden,EU Official,Official,Announcement,,Announcement,https://www.scb.se/AM0105-en,,Labour & Economy,,57,0.63,0,0,0,Labour & Economy,,2026-05-19 19:26:11,https://www.scb.se/en/finding-statistics/publishing-calendar/,0,0.97,35,0,0,ea083c9927bfde3c4443a42a25ec98e4,,Date TBC,-254.0
Wage and salary structures and employment in the municipalities,Statistics Sweden,EU Official,Official,Announcement,,Announcement,https://www.scb.se/AM0106-en,,Labour & Economy,,57,0.63,0,0,0,Labour & Economy,,2026-05-19 19:26:11,https://www.scb.se/en/finding-statistics/publishing-calendar/,0,0.97,35,0,0,8e13ae826e87c2f4d3da57bd5bc2dd1d,,Date TBC,-254.0
Housing allowance for families with children etc.,Statistics Sweden,EU Official,Official,Announcement,,Announcement,https://www.scb.se/SF0105-en,Households receiving housing allowance after reconciliation.,Population,Housing & Families,57,0.73,0,0,0,"Population, Housing & Families",,2026-05-15 19:06:13,https://www.scb.se/en/finding-statistics/publishing-calendar/,0,0.969,35,0,0,db53c1072e5b68a7101add59cc19d9b0,,Date TBC,-254.0
Parental benefit,Statistics Sweden,EU Official,Official,Announcement,,Announcement,https://www.scb.se/SF0108-en,,Labour & Economy,Housing & Families,57,0.63,0,0,0,"Labour & Economy, Housing & Families",,2026-05-12 19:17:45,https://www.scb.se/en/finding-statistics/publishing-calendar/,0,0.968,35,0,0,4087c3670d03e10834c25363eb03ebd3,,Date TBC,-254.0
Temporary parental benefit,Statistics Sweden,EU Official,Official,Announcement,,Announcement,https://www.scb.se/SF0109-en,,Labour & Economy,Housing & Families,57,0.63,0,0,0,"Labour & Economy, Housing & Families",,2026-05-12 19:17:45,https://www.scb.se/en/finding-statistics/publishing-calendar/,0,0.968,35,0,0,8a6808ce637ec9fd0f720d934ee024e3,,Date TBC,-254.0
Analysis concerning education and the labour market,Statistics Sweden,EU Official,Official,Announcement,,Announcement,https://www.scb.se/UF0521-en,International students’ views on a future in Sweden.,Labour & Economy,,57,0.73,0,0,0,Labour & Economy,,2026-05-05 18:53:49,https://www.scb.se/en/finding-statistics/publishing-calendar/,0,0.964,35,0,0,6870bb96bde24064eb9554c904eeec29,,Date TBC,-254.0
Employments,Statistics Sweden,EU Official,Official,Announcement,,Announcement,https://www.scb.se/AM0211-en,,Labour & Economy,,57,0.63,0,0,0,Labour & Economy,,2026-04-29 18:56:03,https://www.scb.se/en/finding-statistics/publishing-calendar/,0,0.961,35,0,0,3fe2d42132b7440debc14cdbf3b63afe,,Date TBC,-254.0
Living Conditions Survey of Children,Statistics Sweden,EU Official,Official,Announcement,,Announcement,https://www.scb.se/LE0106-en,,Housing & Families,,57,0.63,0,0,0,Housing & Families,,2026-04-28 19:07:22,https://www.scb.se/en/finding-statistics/publishing-calendar/,0,0.96,35,0,0,2c33d938c311ee6fa1f49750edf516ee,,Date TBC,-254.0
The labour market situation for people with disability,Statistics Sweden,EU Official,Official,Announcement,,Announcement,https://www.scb.se/AM7001-en,,Population,Labour & Economy,57,0.63,0,0,0,"Population, Labour & Economy",,2026-04-27 18:49:45,https://www.scb.se/en/finding-statistics/publishing-calendar/,0,0.96,35,0,0,a0ba02c2f5609945cd626a1162364fac,,Date TBC,-254.0
Households' Housing,Statistics Sweden,EU Official,Official,Announcement,,Announcement,https://www.scb.se/HE0111-en,,Population,Housing & Families,57,0.63,0,0,0,"Population, Housing & Families",,2026-04-17 18:12:04,https://www.scb.se/en/finding-statistics/publishing-calendar/,0,0.952,35,0,0,3f16601d3e262719fb3d45bdfac99d7d,,Date TBC,-254.0
System of Health Accounts,Statistics Sweden,EU Official,Official,Announcement,,Announcement,https://www.scb.se/NR0109-en,,Mortality & Health,,57,0.63,0,0,0,Mortality & Health,,2026-03-31 18:13:10,https://www.scb.se/en/finding-statistics/publishing-calendar/,0,0.929,35,0,0,4d3e4f07d8fee239d3d6091523cf5709,,Date TBC,-254.0
Children and their Families,Statistics Sweden,EU Official,Official,Announcement,,Announcement,https://www.scb.se/LE0102-en,Family with children finances 2024.,Housing & Families,,57,0.73,0,0,0,Housing & Families,,2026-03-24 18:13:58,https://www.scb.se/en/finding-statistics/publishing-calendar/,0,0.911,35,0,0,776d6e9295092ee2680c048ea1013ffd,,Date TBC,-255.0
Number of full-year persons receiving social assistance and benefits,Statistics Sweden,EU Official,Official,Announcement,,Announcement,https://www.scb.se/HE0112-en,2025.,Labour & Economy,,57,0.73,0,0,0,Labour & Economy,,2026-03-19 18:09:18,https://www.scb.se/en/finding-statistics/publishing-calendar/,0,0.891,35,0,0,ec78d95b30c91ca6f4247b353251ad60,,Date TBC,-255.0
Why your answers to our health and lifestyle questionnaire make a difference,Our Future Health UK,Biobanks,Registry,Announcement,,Announcement,https://ourfuturehealth.org.uk/news/why-your-answers-to-our-health-and-lifestyle-questionnaire-make-a-difference/,"Spotlight Our Chief Science Officer, Professor Michael Cook, explains the vital role our questionnaire plays in powering the healthcare of tomorrow.",Mortality & Health,,65,0.73,0,0,0,Mortality & Health,,2026-05-24 08:03:53,https://ourfuturehealth.org.uk/news/,0,0.994,20,0,0,195cbec5fca3713d83d455c248207e2c,,Date TBC,-260.0
‘Our Future Health’s potential is phenomenal. It’s a huge step forward for health research’,Our Future Health UK,Biobanks,Registry,Announcement,,Announcement,https://ourfuturehealth.org.uk/news/our-future-healths-potential-is-phenomenal-its-a-huge-step-forward-for-health-research/,"Spotlight As Wellcome becomes our latest charity funding partner, Director of Discovery Research Michael Dunn shares what the partnership means to him – and his hopes for what we can achieve together.",Mortality & Health,,65,0.73,0,0,0,Mortality & Health,,2026-05-24 08:03:53,https://ourfuturehealth.org.uk/news/,0,0.994,20,0,0,f014e64de2feea4206a85b4255414035,,Date TBC,-260.0
‘We need more young men to help turn the tide on mental health by taking part in research’,Our Future Health UK,Biobanks,Registry,Announcement,,Announcement,https://ourfuturehealth.org.uk/news/we-need-more-young-men-to-help-turn-the-tide-on-mental-health-by-taking-part-in-research/,Volunteer voices Volunteer Nelson Costa has experienced depression and anxiety since childhood. He’s backing our data to advance research into mental health conditions.,Mortality & Health,,65,0.73,0,0,0,Mortality & Health,,2026-05-24 08:03:53,https://ourfuturehealth.org.uk/news/,0,0.994,20,0,0,18b78ccfcef4a69eba9fd936cfa09428,,Date TBC,-260.0
Approved Statistics,KOSTAT South Korea,Korea Official,Official,Announcement,,Announcement,https://kostat.go.kr/anse/,,General,,65,0.63,0,0,0,,,2026-05-23 07:54:52,https://kostat.go.kr/anse/,0,0.838,15,0,0,836e03cde7944849c5032c081ba4f7ad,,Date TBC,-268.0
Government agencies responsible for official statistics with other publication time than 08.00,Statistics Sweden,EU Official,Official,Announcement,,Announcement,https://www.scb.se/en/About-us/official-statistics-of-sweden/government-agencies-responsible-for-official-statistics/statistikansvariga-myndigheter-med-annan-publiceringstidpunkt-an-8.00,,General,,57,0.63,0,0,0,,,2026-05-24 08:03:46,https://www.scb.se/en/finding-statistics/publishing-calendar/,0,0.972,15,0,0,f71d7a5deec9c7611937067153917d64,,Date TBC,-274.0
"Statistics on building permits, new construction and conversion",Statistics Sweden,EU Official,Official,Announcement,,Announcement,https://www.scb.se/BO0101-en,,General,,57,0.63,0,0,0,,,2026-05-24 08:03:46,https://www.scb.se/en/finding-statistics/publishing-calendar/,0,0.972,15,0,0,c8a7a92df62c74970cf844ea44c7cd9c,,Date TBC,-274.0
Quarterly economic statistics,Statistics Sweden,EU Official,Official,Announcement,,Announcement,https://www.scb.se/NV0124-en,,General,,57,0.63,0,0,0,,,2026-05-24 08:03:46,https://www.scb.se/en/finding-statistics/publishing-calendar/,0,0.972,15,0,0,671ff62da82fec87d2a6bf5dd3d2f49f,,Date TBC,-274.0
Annual Municipal Accounts,Statistics Sweden,EU Official,Official,Announcement,,Announcement,https://www.scb.se/OE0107-en,,General,,57,0.63,0,0,0,,,2026-05-24 08:03:46,https://www.scb.se/en/finding-statistics/publishing-calendar/,0,0.972,15,0,0,8504a2d93a5b0db3ffd08f9229101110,,Date TBC,-274.0
Wage and salary structures in the private sector,Statistics Sweden,EU Official,Official,Announcement,,Announcement,https://www.scb.se/AM0103-en,,General,,57,0.63,0,0,0,,,2026-05-19 19:26:11,https://www.scb.se/en/finding-statistics/publishing-calendar/,0,0.97,15,0,0,501966dfd89fc6a77c9c80e5f1e239c1,,Date TBC,-274.0
Incapacity measures,Statistics Sweden,EU Official,Official,Announcement,,Announcement,https://www.scb.se/SF0202-en,Incapicity rate.,Methods & Infrastructure,,57,0.73,0,0,0,Methods & Infrastructure,,2026-05-13 19:17:36,https://www.scb.se/en/finding-statistics/publishing-calendar/,0,0.968,15,0,0,7e3c9bcd4b3867a92ba23a53348d5cea,,Date TBC,-274.0
The Swedish economy - statistical perspective,Statistics Sweden,EU Official,Official,Announcement,,Announcement,https://www.scb.se/NR0001-en,,General,,57,0.63,0,0,0,,,2026-05-13 19:17:36,https://www.scb.se/en/finding-statistics/publishing-calendar/,0,0.968,15,0,0,571d11429f401c790c5196ee83c1625d,,Date TBC,-274.0
Assistance allowance,Statistics Sweden,EU Official,Official,Announcement,,Announcement,https://www.scb.se/SF0209-en,,General,,57,0.63,0,0,0,,,2026-05-11 19:17:53,https://www.scb.se/en/finding-statistics/publishing-calendar/,0,0.967,15,0,0,1b9ee6ff3ff4f32dccbd7093753c4df6,,Date TBC,-274.0
Integration - statistics and analysis,Statistics Sweden,EU Official,Official,Announcement,,Announcement,https://www.scb.se/LE0105-en,Municipal adult education in Swedish for immigrants and integration in Sweden.,Migration,,57,0.73,0,0,0,Migration,,2026-05-11 19:17:53,https://www.scb.se/en/finding-statistics/publishing-calendar/,0,0.967,15,0,0,2146a5f8e09b8739391c6d47ad908586,,Date TBC,-274.0
Real estate prices and registrations of title,Statistics Sweden,EU Official,Official,Announcement,,Announcement,https://www.scb.se/BO0501-en,Real estate prices - one-or two-dwelling buildings.,General,,57,0.73,0,0,0,,,2026-05-07 19:14:41,https://www.scb.se/en/finding-statistics/publishing-calendar/,0,0.965,15,0,0,3e32f81c7671ecda34f58fa75ba4b9d8,,Date TBC,-274.0
Business Cycle Indicators,Statistics Sweden,EU Official,Official,Announcement,,Announcement,https://www.scb.se/OV0011-en,,General,,57,0.63,0,0,0,,,2026-05-05 18:53:49,https://www.scb.se/en/finding-statistics/publishing-calendar/,0,0.964,15,0,0,508505ba285d3a4e3d78b22e74a00748,,Date TBC,-274.0
Study associations,Statistics Sweden,EU Official,Official,Announcement,,Announcement,https://www.scb.se/KU0401-en,,General,,57,0.63,0,0,0,,,2026-04-30 18:53:48,https://www.scb.se/en/finding-statistics/publishing-calendar/,0,0.962,15,0,0,2b08dbd305df3b082da0ef7840eb8310,,Date TBC,-274.0
Employees in higher education,Statistics Sweden,EU Official,Official,Announcement,,Announcement,https://www.scb.se/UF0202-en,,General,,57,0.63,0,0,0,,,2026-04-29 18:56:03,https://www.scb.se/en/finding-statistics/publishing-calendar/,0,0.961,15,0,0,4702c4de3bdaf0158d00ef9f1becd9c6,,Date TBC,-274.0
The Business Tendency Survey,Statistics Sweden,EU Official,Official,Announcement,,Announcement,https://www.scb.se/PR2001-en,,General,,57,0.63,0,0,0,,,2026-04-29 18:56:03,https://www.scb.se/en/finding-statistics/publishing-calendar/,0,0.961,15,0,0,a26ad4a83fb11012f5b9b5fc2c67501e,,Date TBC,-274.0
Consumer Tendency Survey,Statistics Sweden,EU Official,Official,Announcement,,Announcement,https://www.scb.se/PR0701-en,,General,,57,0.63,0,0,0,,,2026-04-29 18:56:03,https://www.scb.se/en/finding-statistics/publishing-calendar/,0,0.961,15,0,0,1aa6e395082383c748aa7ed8b27b7991,,Date TBC,-274.0
"Short-term statistics, wages and salaries in the private sector",Statistics Sweden,EU Official,Official,Announcement,,Announcement,https://www.scb.se/AM0101-en,,General,,57,0.63,0,0,0,,,2026-04-29 18:56:03,https://www.scb.se/en/finding-statistics/publishing-calendar/,0,0.961,15,0,0,71d72b6e4e142da69b7d125136626814,,Date TBC,-274.0
Short-term statistics; salaries in the governmental sector,Statistics Sweden,EU Official,Official,Announcement,,Announcement,https://www.scb.se/AM0102-en,,General,,57,0.63,0,0,0,,,2026-04-29 18:56:03,https://www.scb.se/en/finding-statistics/publishing-calendar/,0,0.961,15,0,0,6f3bacd6e48f386c824c6b1efb4511e8,,Date TBC,-274.0
"Short-term statistics, salaries in the municipalities",Statistics Sweden,EU Official,Official,Announcement,,Announcement,https://www.scb.se/AM0108-en,,General,,57,0.63,0,0,0,,,2026-04-29 18:56:03,https://www.scb.se/en/finding-statistics/publishing-calendar/,0,0.961,15,0,0,492304e19080521e1044bcd2d1468459,,Date TBC,-274.0
"Short-term statistics, salaries in the regional authorities",Statistics Sweden,EU Official,Official,Announcement,,Announcement,https://www.scb.se/AM0109-en,,General,,57,0.63,0,0,0,,,2026-04-29 18:56:03,https://www.scb.se/en/finding-statistics/publishing-calendar/,0,0.961,15,0,0,558e57cc42d08529e167bea4e2d31b23,,Date TBC,-274.0
Total pension,Statistics Sweden,EU Official,Official,Announcement,,Announcement,https://www.scb.se/HE0501-en,Preliminary data.,General,,57,0.73,0,0,0,,,2026-04-28 19:07:22,https://www.scb.se/en/finding-statistics/publishing-calendar/,0,0.96,15,0,0,4e829db3d604e370de09fd8da8216cc2,,Date TBC,-274.0
Accommodation statistics,Statistics Sweden,EU Official,Official,Announcement,,Announcement,https://www.scb.se/NV1701-en,,General,,57,0.63,0,0,0,,,2026-04-28 19:07:22,https://www.scb.se/en/finding-statistics/publishing-calendar/,0,0.96,15,0,0,81beb0bbba14047d694ea8f18bc3902b,,Date TBC,-274.0
Child allowance,Statistics Sweden,EU Official,Official,Announcement,,Announcement,https://www.scb.se/SF0111-en,,General,,57,0.63,0,0,0,,,2026-04-23 18:42:29,https://www.scb.se/en/finding-statistics/publishing-calendar/,0,0.957,15,0,0,d1aa33790a951dc2a22e27fa4610a951,,Date TBC,-274.0
Dwelling stock,Statistics Sweden,EU Official,Official,Announcement,,Announcement,https://www.scb.se/BO0104-en,2025.,General,,57,0.73,0,0,0,,,2026-04-17 18:12:04,https://www.scb.se/en/finding-statistics/publishing-calendar/,0,0.952,15,0,0,5204a25de956637075d59dad23ab5a33,,Date TBC,-274.0
Students and graduates at first and second cycle studies,Statistics Sweden,EU Official,Official,Announcement,,Announcement,https://www.scb.se/UF0205-en,,General,,57,0.63,0,0,0,,,2026-04-09 18:36:24,https://www.scb.se/en/finding-statistics/publishing-calendar/,0,0.943,15,0,0,90621d60f280eed3d31a2736db9859a7,,Date TBC,-274.0
"Other publications, non-statistical",Statistics Sweden,EU Official,Official,Announcement,,Announcement,https://www.scb.se/OV9999-en,"Official statistics of Sweden, part 1. Annual Report.",General,,57,0.73,0,0,0,,,2026-04-02 18:09:00,https://www.scb.se/en/finding-statistics/publishing-calendar/,0,0.932,15,0,0,84b80901af9c42ae91710e91c57684b1,,Date TBC,-274.0
"Leisure-time centres: Pupils and staff, National level",Statistics Sweden,EU Official,Official,Announcement,,Announcement,https://www.scb.se/UF0124-en,,General,,57,0.63,0,0,0,,,2026-04-01 18:10:37,https://www.scb.se/en/finding-statistics/publishing-calendar/,0,0.931,15,0,0,096c6fca920dcbb1b32beefd5869ea25,,Date TBC,-274.0
Folk high school statistics,Statistics Sweden,EU Official,Official,Announcement,,Announcement,https://www.scb.se/UF0601-en,,General,,57,0.63,0,0,0,,,2026-03-27 18:11:39,https://www.scb.se/en/finding-statistics/publishing-calendar/,0,0.919,15,0,0,1d6828ba939b70c7a51d5b53a5c44cab,,Date TBC,-275.0
Income and tax statistics,Statistics Sweden,EU Official,Official,Announcement,,Announcement,https://www.scb.se/HE0110-en,Income mobility 2000-2024.,Migration,Labour & Economy,57,0.73,0,0,0,"Migration, Labour & Economy",,2026-03-26 18:35:31,https://www.scb.se/en/finding-statistics/publishing-calendar/,0,0.917,15,0,0,2a9b3f4db29610ab1fdc0f04fb34e8d1,,Date TBC,-275.0
Gender statistics,Statistics Sweden,EU Official,Official,Announcement,,Announcement,https://www.scb.se/LE0201-en,,General,,57,0.63,0,0,0,,,2026-03-26 18:35:32,https://www.scb.se/en/finding-statistics/publishing-calendar/,0,0.917,15,0,0,6df5d04eb0a64f884b9d48e6405502bb,,Date TBC,-275.0
"Urban areas, localities, and small localities",Statistics Sweden,EU Official,Official,Announcement,,Announcement,https://www.scb.se/MI0810-en,,General,,57,0.63,0,0,0,,,2026-03-25 18:14:55,https://www.scb.se/en/finding-statistics/publishing-calendar/,0,0.914,15,0,0,da29691b7b865495bebbd6786836ccc3,,Date TBC,-275.0
Higher Vocational Education,Statistics Sweden,EU Official,Official,Announcement,,Announcement,https://www.scb.se/UF0701-en,Students in HVE 2025.,General,,57,0.73,0,0,0,,,2026-03-20 18:00:54,https://www.scb.se/en/finding-statistics/publishing-calendar/,0,0.896,15,0,0,86e17482ff986141e36fb1eb86ada743,,Date TBC,-275.0
National accounts other,Statistics Sweden,EU Official,Official,Announcement,,Announcement,https://www.scb.se/NR9999-en,National Wealth.,General,,57,0.73,0,0,0,,,2026-03-19 18:09:18,https://www.scb.se/en/finding-statistics/publishing-calendar/,0,0.891,15,0,0,612673ca4e1a20ec2c3b19b146d68981,,Date TBC,-275.0
"Other publications, statistical",Statistics Sweden,EU Official,Official,Announcement,,Announcement,https://www.scb.se/OV0000-en,,General,,57,0.63,0,0,0,,,2026-03-16 18:14:52,https://www.scb.se/en/finding-statistics/publishing-calendar/,0,0.875,15,0,0,cb6c40248d76d1f78b3a1774270ad5cd,,Date TBC,-275.0
We’re starting to invite volunteers to take part in more research. Here’s what you need to know,Our Future Health UK,Biobanks,Registry,Announcement,,Announcement,https://ourfuturehealth.org.uk/news/were-starting-to-invite-volunteers-to-take-part-in-more-research-heres-what-you-need-to-know/,"Spotlight Our invitations will connect groups of volunteers with research opportunities, so that researchers can make ground-breaking new discoveries.",General,,65,0.73,0,0,0,,,2026-05-24 08:03:53,https://ourfuturehealth.org.uk/news/,0,0.994,0,0,0,d55973c98c75a64aaf619da1d16e5e32,,Date TBC,-280.0
View all news and stories,Our Future Health UK,Biobanks,Registry,Announcement,,Announcement,https://ourfuturehealth.org.uk/news-and-stories/all-news-stories/,,General,,65,0.63,0,0,0,,,2026-05-24 08:03:53,https://ourfuturehealth.org.uk/news/,0,0.994,0,0,0,9aaee24250c97a364da7271efda2298e,,Date TBC,-280.0
‘This resource has the potential to be transformative for dementia research’,Our Future Health UK,Biobanks,Registry,Announcement,,Announcement,https://ourfuturehealth.org.uk/news/this-resource-has-the-potential-to-be-transformative-for-dementia-research/,Research in focus Dementia specialist Dr Sasha Philbert tells us about the search for new biomarkers – and why he believes our programme will help.,General,,65,0.73,0,0,0,,,2026-03-20 06:12:50,https://ourfuturehealth.org.uk/news/,0,0.973,0,0,0,273360ccb15e6361a08b68b39a4bef6d,,Date TBC,-281.0
